"spot","seq","row","col","measure"
"P6","SGRADIDSSDSDE",15,5,-0.12787510057106
"A14","DPVLSKRAVE",0,13,-0.127950987334867
"R7","PEVCADSTETCDAPE",17,6,-0.133703769701141
"R6","SREECGIESSDTCT",17,5,-0.133776334601545
"P5","RGDDKRCEDSTEGGT",15,4,-0.139081611790183
"O29","PSDDECDDESSDTD",14,28,-0.140742553902275
"R30","EDAPIESTETGTPG",17,29,-0.145620696482556
"P28","NCADSSETGCDPS",15,27,-0.146033268539741
"R11","DFWDDPPEESSETMC",17,10,-0.146351317326632
"N10","IEYPDSTESEDIICD",13,9,-0.14653564794379
"M6","DFPLESTDTPTLGCT",12,5,-0.147084324636448
"Q8","WWDDNPLESTDTVEI",16,7,-0.149462743565214
"O23","EECEDESSETDTVP",14,22,-0.149929861696129
"N7","HCCCCSQSGNNC",13,6,-0.150091263184008
"L12","VDLDSSDSDDV",11,11,-0.150451551043082
"N6","CTGECSTSNTGQQCQ",13,5,-0.150803615241132
"L5","DEEIGIDSTDSEDVGCD",11,4,-0.151877450382862
"Q13","NCLDSSDTPTDPE",16,12,-0.152674726036814
"R28","QPVDSWESGSEPSM",17,27,-0.153532926042051
"P30","THAEIESTCSL",15,29,-0.153743655196073
"A20","PVDSAESIDVVMC",0,19,-0.154307023830028
"Q7","NYDDEEPLDSSDALLVG",16,6,-0.154551217264105
"C29","TSSQDGMDSIEEICE",2,28,-0.155103228521217
"N11","YEEHIDMDSSCSIV",13,10,-0.155238901695532
"S11","DCCIESTETG",18,10,-0.155355748787854
"M9","SCEDFEIESTDTCEM",12,8,-0.155437975846798
"R17","HYQEDLGVDSTDTCEAPDL",17,16,-0.155834104081123
"N17","DEEEPMDSSECIDL",13,16,-0.155899490481825
"O30","ELGVESSALMDM",14,29,-0.15633266278029
"P29","EEPIESTMSVMVT",15,28,-0.156627510882495
"N9","KCSADSWETPSLS",13,8,-0.15779856747064
"O27","SEPHKCDESSDGD",14,26,-0.158845108108206
"L17","KEKKCEESTDGPCD",11,16,-0.159502156165206
"P4","CCTCSNTDQN",15,3,-0.159621930618527
"T12","DNKCDDSTDGDSDPET",19,11,-0.159778643444507
"Q6","CWSRECTCSQSCQQ",16,5,-0.15979021335455
"S30","EGNECMESSDGMDVGC",18,29,-0.159856253050676
"R9","NQDDGMDSTELI",17,8,-0.160082964964513
"O7","YPPECTCSQCEQQ",14,6,-0.160209145404657
"N8","CCSPPCSCSQSCQNCNCC",13,7,-0.161272925297504
"P11","DELPIDSSSTCLDSY",15,10,-0.161383869693715
"M14","HFCDDNPIDSTDTMD",12,13,-0.161565683462361
"T10","EEVGVDSSESDD",19,9,-0.162023319852436
"L16","YDHTMDSSDTGSDGC",11,15,-0.162522591913513
"M11","GEMPADSFDSL",12,10,-0.162967951082058
"T8","VGDDSSDSCT",19,7,-0.16357863332776
"O13","KTEDEAPADSSETCELPC",14,12,-0.163654920346765
"O8","PPDCCTSQTCQN",14,7,-0.163873717704663
"P10","GCTCSQTCQQCNC",15,9,-0.163904825743273
"M20","MPVESWESQAAPT",12,19,-0.164053345262689
"M29","KSEEEQDLDSTEGET",12,28,-0.164123416234317
"S7","EELDAESGITIEISN",18,6,-0.164370122527216
"K25","KPDDGVDSTELC",10,24,-0.165654059819266
"S14","DSPMDSLDVISADNV",18,13,-0.165703393881829
"M26","SEGKRCDDSTEGECEGES",12,25,-0.165776961103259
"H18","DGADSIIWC",7,17,-0.166177347558906
"K20","HDMCLDSSESCDLP",10,19,-0.166621696825496
"N26","RPHGEQCADSSETG",13,25,-0.166706724735401
"P24","GSWECKVESADSMAVGCT",15,23,-0.166767654537202
"P12","GCCSCSNSNQNC",15,11,-0.167063342868794
"Q25","YTHPCTSSQTEQQC",16,24,-0.167270746729443
"J30","EPKESKEIS",9,29,-0.167300148620946
"N15","EEYPVDSSATMGD",13,14,-0.168281485651955
"O28","YDDLEIDSMDSLILSDD",14,27,-0.168411904042745
"F7","QPVCDGVESYENC",5,6,-0.168590104451467
"R23","QAELESSDSIDMTTD",17,22,-0.168785370387491
"P21","EPEVEAESMESA",15,20,-0.169462798813683
"M18","EGEPRTDIESSDTC",12,17,-0.169718481323576
"S16","DEEMELESPVTICMPSL",18,15,-0.169897199027362
"E14","TCCNPLQSMEWSASECS",4,13,-0.169980904564249
"O15","LPMESWESQLVG",14,14,-0.170052061218461
"I7","EGCMSAPYC",8,6,-0.170072801665066
"S18","EDFCLDSTLELDE",18,17,-0.170178479654822
"S21","RWCLESTIEIDPPS",18,20,-0.170529571590682
"M22","YCEDDCVESSDPMEIPST",12,21,-0.171121195082515
"Q18","ESGADSMDIME",16,17,-0.17114185939103
"L22","EDKDGLDSSTSC",11,21,-0.171208079091543
"M10","TVVEMESKVSLICP",12,9,-0.171337603192373
"L10","YTSEWPMESTMSA",11,9,-0.171669066610719
"A16","MESIDYHMRSC",0,15,-0.171871589587894
"O17","DDYCMESHEAQE",14,16,-0.172432375177091
"E20","AICIHEPAESADEAM",4,19,-0.17263703325974
"C25","ECIESMDFAST",2,24,-0.17270586508681
"Q30","CCGRECSCSQTCNQ",16,29,-0.173324639900239
"M4","CYHHHPGDESSESIEM",12,3,-0.174514426057866
"N4","FCAESKEMQ",13,3,-0.174610024462809
"L8","EECCLESTDSMDVPK",11,7,-0.175271407808617
"L14","GSHDRCGMESFDSCDLP",11,13,-0.175338705139803
"N22","WSEDHCVDSMTTKEVST",13,21,-0.175754790380275
"K7","KVEGKISVVFSHTD",10,6,-0.1770178216647
"K13","FEFVDSVEFKET",10,12,-0.177086448539512
"O10","TPGCSSSQSCNNCCCC",14,9,-0.177387925027358
"T13","NFEDKCAESWETCDDPTS",19,12,-0.177715215056385
"M5","DWGMDSFESIEMG",12,4,-0.177831374426147
"A8","NEASFVDDWDADSLDTVELV",0,7,-0.178018395531269
"L30","EVPIESFESQAGPSD",11,29,-0.178069788635858
"L27","WSPDCCCSNSPQNC",11,26,-0.178356343486312
"F25","ASPAVSADLLDSVV",5,24,-0.178902293542452
"P26","QPMESTFSCELG",15,25,-0.179182009648131
"K23","SDEMGMDSSATV",10,22,-0.179210134023416
"M15","RMDLESTETVG",12,14,-0.179246739258477
"A18","ESIETVELLC",0,17,-0.179248105129073
"C1","EGMESWDNCWD",2,0,-0.179327341013892
"O20","YENCADSRTIAEMATE",14,19,-0.179343455292158
"O5","ERGCLDSTCSILAT",14,4,-0.180025396162214
"O11","KECCSSNTPQQ",14,10,-0.180082323165006
"L20","FPADSTDTPTM",11,19,-0.18008267317777
"O3","HDIPVDSTLTV",14,2,-0.180253911751024
"K16","DQFEHTEIESSESCTGPC",10,15,-0.180653958651476
"T27","TRENKCEDSSDPECDGE",19,26,-0.180707660293889
"E28","VDGADSIDYVITTVC",4,27,-0.180875596768807
"L3","NNEQEAGADSMDIMMVT",11,2,-0.181178419608139
"T29","TTEMGLESVDIMI",19,28,-0.181181777303093
"L19","DDDCCMESTDTGTDGCT",11,18,-0.181271109521641
"R21","EEMPLDSFETQIA",17,20,-0.181397116644249
"Q26","WQKRCHADSVESA",16,25,-0.181487587074577
"P16","DFHKEDGIDSSDSVDM",15,15,-0.181653122071994
"T11","STNDDGIDSYASVEAPC",19,10,-0.182152433450333
"Q5","CCCSRCCCCSNTDNQH",16,4,-0.182165890650715
"F15","VEGLDSIDLYD",5,14,-0.182415182471037
"H11","RPMMNYNDSIDICDSVIP",7,10,-0.182598930370197
"S23","QSSSECTMDSWDTGEIT",18,22,-0.182663256978583
"M28","TGPCCTSNSDQN",12,27,-0.183030307165821
"S25","DSEDENEMDSTEGDCEP",18,24,-0.183182449521629
"H24","YQIMSAVPEVS",7,23,-0.183301829469925
"M3","EPDEPADSSDCLDIPCM",12,2,-0.183527634049044
"Q17","SEKCGLESTTSIADS",16,16,-0.183593670290844
"S12","WPIEWGDSSETEMIVR",18,11,-0.184611710394079
"K27","TTEIRIDSTSSA",10,26,-0.184685251308517
"N18","CCCCSNTQNQC",13,17,-0.185014843940548
"Q4","QQYECGVESTSSIILSHM",16,3,-0.185566874759925
"J19","ISPMLSLDIM",9,18,-0.186194789385724
"N20","CGLESSESCC",13,19,-0.186278937179144
"K28","CWPHDCTCSQSCQN",10,27,-0.186365893301739
"K21","ECCMDSSESAVNPCA",10,20,-0.186896150568072
"A22","SACPIDSSDTVIRPV",0,21,-0.187393251662261
"P7","YCDQCPLDSFECVDLI",15,6,-0.187973520862405
"M8","DERCLDSVTSHGQTYM",12,7,-0.187979169581557
"O21","QPVESYESGSNGTI",14,20,-0.18806998252046
"S1","EKDRIESTITC",18,0,-0.188323299721211
"T22","ECCCSQSCNC",19,21,-0.188551225415858
"I28","MQKKESLEKKE",8,27,-0.188596944202444
"J26","VENIVSYEGL",9,25,-0.188706411543743
"P9","HGCCSSQTCNQ",15,8,-0.189058922198174
"C27","TCDFKISAIWCHDN",2,26,-0.189263718694291
"Q19","FSGECTCSNTCNQ",16,18,-0.189296509771292
"N12","GPCCTSNTCQQCCCC",13,11,-0.189462492264075
"G9","KEKLVSMCCMDTQIC",6,8,-0.189494089685054
"Q16","MGIESTDTGTL",16,15,-0.189616471824433
"Q12","TGGCSCSNTCQQCQCC",16,11,-0.1900029293329
"L11","CCCSGPCTSSQTCQQC",11,10,-0.190326290675965
"B26","PRCVAFHADSWEML",1,25,-0.190621410675864
"T14","RQCAESTESPTPGCT",19,13,-0.190647531146691
"R4","CYSKDCSSSNSSNQ",17,3,-0.191127594584592
"M7","NWWEEIKVESFITVMLTS",12,6,-0.19119890526391
"B14","ECADSAEFSITTCT",1,13,-0.191400788262581
"R3","HSSDDLPEESTDTCSVGC",17,2,-0.191622754022891
"K14","QDPKLSVIWC",10,13,-0.192100748575039
"O19","SDEDQGLESSFTCSMP",14,18,-0.192488174830971
"T1","CCTGPCCCSQTCQQ",19,0,-0.192524517388082
"T26","DGMESSDTVALEC",19,25,-0.192547005537412
"S28","CCCSGPCSCSQTCNNCQC",18,27,-0.192654307954215
"A26","NEDSFVDKWDADSLDNVELV",0,25,-0.192695690548337
"N29","CCWTRPCSSSQTDNQHN",13,28,-0.192876929019155
"F12","HCVECMDSIEFTC",5,11,-0.193053198072293
"S20","PGCCCSNTCQQ",18,19,-0.193088745264538
"R18","QCPADSFECMTQDY",17,17,-0.193271224420052
"O26","GCTTSNSCNQ",14,25,-0.193381231808054
"R5","CCYPGDCSCSNSCQC",17,4,-0.193391902884284
"K4","SIGGMDSRLLCE",10,3,-0.193408774848083
"L2","YTSDEPIESSMTVSATD",11,1,-0.193447308901437
"Q9","CCTPGCSSSQTCNNCQCC",16,8,-0.193720934056251
"Q28","YPGECTTSQTGQQCCC",16,27,-0.193813628518811
"R16","CGGDCTTSQTGNNCNCC",17,15,-0.194198331369695
"T21","GGCCTSQSCNQCNCC",19,20,-0.194454131274452
"L9","PGGCTSSQSDQQRN",11,8,-0.194909213378247
"Q21","CCSHGCCCSQTCQQ",16,20,-0.195690120921175
"I5","CHDPQLSFEYCI",8,4,-0.196570955749109
"K26","HTSEMFLDSVETHSA",10,25,-0.196638729547789
"B10","RCCAASVCDCVSQ",1,9,-0.196865052359785
"M19","WGPPCSTSNSENNRN",12,18,-0.197020656625978
"Q2","TKPCTTSQTDQ",16,1,-0.19755396899336
"L1","WENDEPFDSKCMME",11,0,-0.19791206995699
"S10","HCCTCSQTGNNCCCC",18,9,-0.198406222303568
"O16","PWKDEQCAESKTML",14,15,-0.198735079002212
"N16","FTHDCTTSNTPQQCCC",13,15,-0.198842251999461
"S13","CTGPCSSSNSCNNCQ",18,12,-0.199072806607941
"R14","YSHCCSCSNSENQ",17,13,-0.199146928352734
"H19","IQFQDSIDICIDSV",7,18,-0.199239858967036
"G6","ECAISHCQC",6,5,-0.199401652683319
"T17","IGIDSFDTNMMPCG",19,16,-0.199433136348337
"S15","QLYGIDSADTQM",18,14,-0.199786809841299
"M25","SPPCSCSQTCQNCNC",12,24,-0.200014301727886
"L4","YKPCVESSCSIAAG",11,3,-0.200019934369634
"T7","HCLESYDSC",19,6,-0.200042741730351
"L6","HNKIGIASLELAML",11,5,-0.200138164557238
"I25","DPMLSIEFMFEI",8,24,-0.200349117741552
"L26","CFPHDCCCSQTCQQHNC",11,25,-0.200423559892132
"B13","PCHPPVESHLICE",1,12,-0.200577129316897
"M13","CCCTKPCSTSNTCQNCQ",12,12,-0.200884539845158
"K24","CCSHECTCSQTDQ",10,23,-0.201091798855258
"M12","CCCTGGCSCSQSCNNC",12,11,-0.201234494796516
"M17","YDRRHAESTWSMSAD",12,16,-0.201377278383095
"J5","PFADCIASHAEYVTGC",9,4,-0.201498627519347
"M21","RPWDECSMDSTETCCI",12,20,-0.201724456870571
"L18","GIYPLDSLESQE",11,17,-0.201769882367991
"O6","CCWTPECTSSQCGNNKC",14,5,-0.202336287537472
"N14","DRMKLESTTSVI",13,13,-0.20245602357063
"R25","WTHPCSSSNTCQN",17,24,-0.202822477285975
"N28","SPECTCSNTCNNHC",13,27,-0.202849784111678
"N13","SGCCCCSQSDQNK",13,12,-0.202873955280377
"B9","LEGHESHLWL",1,8,-0.203312612102394
"S5","CSHCCTCSNSDQQCQ",18,4,-0.203830422226812
"O9","RGCSSSNSCQQCCCC",14,8,-0.203842569605119
"O18","PCCTSQTTQ",14,17,-0.203865278692193
"N5","CCCPKGCTSSNTDQQK",13,4,-0.204109950308933
"C19","REKILSMEWMV",2,18,-0.204255253039616
"R19","PCTSSNTCQQCCC",17,18,-0.204442380804711
"T2","GRTPEMPVDSFDTQ",19,1,-0.204761675526186
"N30","CTGPCTTSNSCQNCNC",13,29,-0.204815793880543
"P14","RDCSTSQSENQRN",15,13,-0.205474690535434
"P22","RTKWRHTVDSSETGS",15,21,-0.205841615603277
"M30","WTGPCCTSQTCNQ",12,29,-0.20609011202852
"D10","GRTADKIVSIEYIDTQMC",3,9,-0.206627993360444
"R27","SKGCSCSQTCQQCCC",17,26,-0.206667372825436
"O4","KEDVVDMDSRLSL",14,3,-0.20673017426202
"L7","CCCSGECTSSQTPNCRQC",11,6,-0.206807023022233
"M27","TKCCSCSQTDNQHQ",12,26,-0.207024609812459
"T30","CSHGCSCSNSCQNCQCC",19,29,-0.207454322554032
"Q23","CCCSPPCCSSQSCQQC",16,22,-0.207659978142035
"Q29","YTRCCTCSQSEQ",16,28,-0.208366907152496
"L21","CSHPCSTSNTCNQC",11,20,-0.208367056383952
"K3","EQIISADFHI",10,2,-0.209099793515117
"N21","GCSTSQSPNNCCCC",13,20,-0.209457757184055
"T23","GECTCSQSCQN",19,22,-0.209947272217608
"D28","RRDPHDSKDVSKSTAC",3,27,-0.209974055077303
"A4","DALEFIASKLA",0,3,-0.210092088425844
"F26","CNMASHVPC",5,25,-0.210143560623251
"I30","QKYKWCLCSVIFCHSQDC",8,29,-0.210225236570286
"A24","MPPCCTCSQTAYNCCVA",0,23,-0.210806869477861
"B29","YDPHVDFMDSAEFCMSNIT",1,28,-0.210885831575468
"O25","LYLDSSDIMVLS",14,24,-0.211303147663242
"P20","HGCCTSQSDQNCNCC",15,19,-0.211369324912021
"E12","DNHVWHNDSIDFIMTDC",4,11,-0.211623227602305
"R12","CFSHCCTCSNSNQQCQC",17,11,-0.211889467583205
"O12","GPCSCSNTCQQCCCC",14,11,-0.212122956324613
"I27","CTNTMDPHLSMEWR",8,26,-0.212287217070482
"S24","SGGCTTSNSCQNCCC",18,23,-0.212448949814987
"P15","DGADSTDLCSNWC",15,14,-0.212720096853591
"P25","CCSGPCTSSNTCQQCNCC",15,24,-0.213077891255813
"T4","EHCPMDSYDSCE",19,3,-0.2132636561458
"B17","FGKMSAECVC",1,16,-0.213414141198707
"P3","PKRPKCSIDSTESCCLPCI",15,2,-0.213519388795675
"I15","REGADSMMFL",8,14,-0.213699956852959
"K29","PHECTTSQTDNNRNC",10,28,-0.214274224234531
"T20","CTRPCCSSQSCNNC",19,19,-0.214416965809913
"K30","FSGGCSSSQTCQQ",10,29,-0.21449906014698
"O14","CWGPCCSCSQSNQQCQCC",14,13,-0.214722337571489
"R20","PCTTSQTCQNH",17,19,-0.21489679176792
"C5","NTHVHGVMSVANADSQLG",2,4,-0.214966970478941
"Q15","CSKVFIDSSDML",16,14,-0.215205737643898
"L24","KPHDDLWADSIETHVCTC",11,23,-0.215213591601376
"T5","KYEMDSSDTCENPTV",19,4,-0.215443772728059
"P8","CCCCSNTENQKQCC",15,7,-0.215512827881124
"R26","CCCSPGCSSSQTEQQCCCC",17,25,-0.215818823206741
"N24","CCYSHPCTCSNTCNQC",13,23,-0.216094978038203
"Q14","ECCCSQTPNNCCC",16,13,-0.216538796308735
"K22","CCTPPCCTSNSCNQCCCC",10,21,-0.217991679961132
"S26","CCSHGCTCSNTCNNCCCC",18,25,-0.218987107835492
"C30","QQTHERIASACCIVEH",2,29,-0.220025680576527
"J15","CDPCHCCVCSAVCCMTQ",9,14,-0.220247956525385
"Q27","CCYTPGCSCSNSCQ",16,26,-0.220465835454296
"S3","REPIESADTATALSI",18,2,-0.22062417629207
"F16","PSMEGAESRWFME",5,15,-0.221240476641009
"T19","KIGIDSTTTCTVS",19,18,-0.221701085035729
"H13","PFIEPKASGEWCY",7,12,-0.22183428444253
"A28","YQPDMDQDISWCFIDYAI",0,27,-0.222019914529529
"O24","SHSHIRAESWMSV",14,23,-0.22207845835441
"E29","KPKAQKKDSMERH",4,28,-0.222102154665967
"E8","MWRNDSVEWL",4,7,-0.222713936055249
"P17","CCYPHECTCSQSCNN",15,16,-0.222721707344837
"P27","PCSCSNSCQNCCCC",15,26,-0.222870877793447
"R13","EEPYESKCLAGAPK",17,12,-0.223162311398409
"S8","CCWGHCCSCSNTDQ",18,7,-0.223326778638856
"J16","FPIESVDYR",9,15,-0.224411216434049
"E5","TREYVDSADFCM",4,4,-0.224499962918037
"N2","CCCTGGCSTSQTCQQCQCC",13,1,-0.224588028712828
"L28","PRECTCSNTDQNKN",11,27,-0.224607952688467
"T18","EVDVESSLTQLASSG",19,17,-0.224610529111578
"G11","DTICYGIESAEFKKSECS",6,10,-0.225389337145097
"S29","SGDCCSSQTCNQHNCC",18,28,-0.225390767451334
"N3","CCTGGCSCSNSCQ",13,2,-0.225683399216425
"C2","HCCVISLAQC",2,1,-0.226237252233443
"I13","SSMVEGAASHIFAEFTAC",8,12,-0.227839273840955
"C22","RFGIDSILIHTTACT",2,21,-0.228185581555379
"Q10","PRCCSCSQSNQ",16,9,-0.228370282763972
"K17","SRCCSCSQSEN",10,16,-0.229040119663928
"G8","THFGAESMDWMMS",6,7,-0.229076142671958
"S4","IGIDSSVLIELG",18,3,-0.229077833624572
"T16","YYTELEIDSSVTQA",19,15,-0.22941425803775
"T6","CTGECSTSNTSNCC",19,5,-0.229651966047878
"Q1","CCSGGCTCSNTCQQCQ",16,0,-0.230416427248396
"L29","DCTTSQSGNCCCC",11,28,-0.230682423428037
"D29","KEPMESVVYCKDQCC",3,28,-0.231088703746722
"C17","YCMCSLVNC",2,16,-0.231545447096831
"R1","REPMDSIDTLVEVTV",17,0,-0.231843772355933
"N1","CCCCSQSNNNH",13,0,-0.231973012705338
"L25","CWSKGCTSSQTPNNCQCC",11,24,-0.232716667084005
"S6","WFKELGMDSFDTVE",18,5,-0.232747366037793
"R8","YPKCCSCSQTTNN",17,7,-0.23286386042577
"O22","GGCCCCSNSENQK",14,21,-0.232880113364296
"M23","CSPGCSCSQTCQNCNCC",12,22,-0.23364352325317
"L23","CPGDCSTSQTGNQHCC",11,22,-0.233894548298407
"E27","DRRHWQVCSMVPCASGC",4,26,-0.233925666085237
"S22","CCCTRGCTCSQSCQQ",18,21,-0.235271326270797
"Q22","FDDDEPMDSTSSCYLT",16,21,-0.235315302382165
"B11","HILNPILSLDFTI",1,10,-0.235488639077675
"M1","YSKDCTCSNSCN",12,0,-0.235523933624003
"N25","RPCSCSQSCNNH",13,24,-0.235887072055419
"N19","SGDCTCSQTCNNHQCC",13,18,-0.236038974581116
"G13","WCAISLMWC",6,12,-0.23609714844554
"B16","GSAEPIISYEYHLS",1,15,-0.236105360099569
"R10","RECTCSQSCNQKN",17,9,-0.236250673240108
"Q24","TKGCCCSNTCQ",16,23,-0.2363488531101
"T3","NYFEHERMDSSLSCEMGCA",19,2,-0.236645047531089
"B23","CCYCMCSVIQC",1,22,-0.236662525503537
"F2","DYMDSHCWATSN",5,1,-0.236946816685691
"F29","RECADSVDWLTTAVT",5,28,-0.237936164702603
"B4","HRFCDSAAFLAT",1,3,-0.238033917981493
"M24","KGCTCSNSCQQ",12,23,-0.2383754267128
"K11","KCNLCSMAFCIWPCC",10,10,-0.238744093045091
"C28","NCHDSMDFAASK",2,27,-0.23889780037554
"H28","GQGTLEFRISAIYCHT",7,27,-0.239361925016598
"I26","VFPMESLEFVTTE",8,25,-0.240059044644033
"J1","HHCCLCSVVFCM",9,0,-0.24053316574912
"P1","CCYPHCCSCSNSQNQ",15,0,-0.241871739700345
"E10","HCFQMASKAWCMSND",4,9,-0.241988754871516
"D20","CCFGRVSMDCI",3,19,-0.242131068159303
"E16","MEWAESLDWAK",4,15,-0.242303251665001
"H17","AEFHVSIEWCKS",7,16,-0.242595161692995
"K2","ENCIEGRMSMCFSRTD",10,1,-0.242946228296386
"B28","CYNACSWCPC",1,27,-0.244028273215859
"H23","ERHQFNMCSHCGCC",7,22,-0.244592346651617
"R22","DQWERFGIESWESLDL",17,21,-0.246227833554992
"T9","CCYSGCCTCSQSDQQCCCC",19,8,-0.246316222722495
"E26","YNEHRCCILSECFC",4,25,-0.246828022043207
"D30","CCICSAVCC",3,29,-0.247544562956457
"E3","AQGVLSAEFTITQF",4,2,-0.247873026766343
"F13","LSVVENLLSYEPIDSNLY",5,12,-0.248323518018152
"L15","CFGRCCSCSNTQQQHCC",11,14,-0.24863456293531
"J17","ADPKISMDFHHTQCF",9,16,-0.248637179654226
"E1","TTTAEPAESKFWMISQ",4,0,-0.2513922802854
"J4","LDKFLSAEFRATT",9,3,-0.25257953911833
"D11","RLDPHVSPDFCHSNCC",3,10,-0.252692481709962
"R2","CFSGCCTCSQTQQQ",17,1,-0.254037331560943
"N27","HGCTTSNTCQQRQ",13,26,-0.254204766837306
"F17","GSCFGMESMVIHK",5,16,-0.255656633872851
"C24","WCIVSRMWCLSECC",2,23,-0.256921150224922
"E2","GSKNGLNSAEWSAF",4,1,-0.25694067973307
"R15","CCGPECSTSNSCNCR",17,14,-0.257468852274878
"E15","LHCMIEPMDSADVWMTSWT",4,14,-0.258807293298894
"P18","PKPCTSSQSCNNHN",15,17,-0.258908689213397
"O2","CYTHECSTSNSGNNKNC",14,1,-0.259797376253586
"I4","KKRCCVVSHVFCITDCC",8,3,-0.259948952902505
"G21","MFPLDSAEYLVSNYS",6,20,-0.26012755054789
"T24","CCCTHCCSCSNSQQNCCCC",19,23,-0.260424681967533
"B7","HTCMFCVASICWLE",1,6,-0.260452646670744
"S27","THGCCSSNTTQNKNCC",18,26,-0.261071451095557
"L13","CYPKGCSTSQSCQQHC",11,12,-0.261513678187126
"Q11","CTGPCTSSNTCQNRQC",16,10,-0.263144817436119
"O1","CCCTKGCSCSNSCNNCCC",14,0,-0.2656222243286
"M16","CCTPPCSTSQSCQQRQC",12,15,-0.266542778650684
"B6","CEDHLCCMCSAVWCITG",1,5,-0.267231568131607
"C8","DQGFKCCLASFVNC",2,7,-0.267247253990498
"C12","NKCCCCMLSECFC",2,11,-0.267281495788496
"E7","CQNCVDGVDSIDWIHSN",4,6,-0.267592332637528
"F22","KCCMCSRMDC",5,21,-0.268232481319341
"T25","WPEEGIESFMSVPPP",19,24,-0.269226575784159
"G14","TGKVDWLESLEWIVTQ",6,13,-0.26984265351771
"A6","DALEFIAAKLA",0,5,-0.270585653791665
"K19","GRGCCSSQTCQ",10,18,-0.271348856139886
"H5","HFCSQLCSYCNC",7,4,-0.271509078211676
"A30","GDSLDWMSCIDY",0,29,-0.272043476101776
"B27","CCIISICECMTKC",1,26,-0.272121406524398
"H7","DDHCWCMMSHMWCV",7,6,-0.273277328775756
"D24","SMIYRADSYDAIIT",3,23,-0.275727539812509
"I10","HCIDCMASAIYCV",8,9,-0.276818092429978
"H30","DDKHFCLISACFCI",7,29,-0.277435735427279
"J14","FQACSYCGCHS",9,13,-0.277577343258761
"F27","PNRILEWIVSLCFMMT",5,26,-0.277628666383217
"C16","DEGRCCNLLSHCWC",2,15,-0.278254944637257
"H4","CDHSVYKRMSIVQCCTNC",7,3,-0.278679614091856
"D4","EDKFHTNVLSMCWCMSREC",3,3,-0.279874699957114
"C26","YQHWHCNICSLLFCASECC",2,25,-0.280222098401
"A10","ISIEYMATRLN",0,9,-0.281562913939353
"J12","PQKDGYESKLFVCSVA",9,11,-0.28171541222184
"J2","HCMDWRISLDWCRE",9,1,-0.28323945546022
"J8","YQKLKEWHISMWWSKWNCS",9,7,-0.28332413568559
"F8","CCQAVSVMGCRTP",5,7,-0.285180706000341
"T28","YSKECCTSNTPQQRN",19,27,-0.285469398130132
"G22","SRDPHDSVLYMLY",6,21,-0.287131113703773
"H20","KTHEGLLSHMFMDFHMC",7,19,-0.287183580547778
"B25","NRFRCQVLSVVGCAYQHC",1,24,-0.28719808909496
"G1","EEYCCCALSIVWC",6,0,-0.288345697792666
"H15","WPMVSAAMMVSR",7,14,-0.289246200836588
"C23","LDGCLSLGYCHTQC",2,22,-0.289315920886174
"F10","ERHCFQMCSHCFCHT",5,9,-0.289641743944744
"I11","NPRQYQICSKCFCCTQEC",8,10,-0.28967119469127
"G23","WCVLSMVFCLCP",6,22,-0.289991244220739
"F3","CCACSIMYCISQ",5,2,-0.290365665055609
"D14","PTCDFKVSLMFCHTN",3,13,-0.290503331720571
"I19","PWCCNMISKCWCCSEHC",8,18,-0.291741710209124
"B8","WCVKSHAFCLS",1,7,-0.294541076175365
"J9","NKFCSNVCSYCNCCSERC",9,8,-0.295345234677149
"S17","DCSCSQTCNCRCCC",18,16,-0.295747711270648
"B21","FQIRSWCPCCTWHC",1,20,-0.295794390595899
"J6","TAEYKVSLVFCRSNC",9,5,-0.296655627561343
"H22","WQIASRCCCATQ",7,21,-0.297199526646845
"J23","WCWCMISLCWIMSTIP",9,22,-0.297542531639033
"S19","KDCCTSNTPQCR",18,18,-0.297733548388004
"I9","EQKISMFWCHS",8,8,-0.298771795379011
"C10","ENHYRWNICSLVGC",2,9,-0.299427561825962
"C20","NWNVCSYCGCKSE",2,19,-0.299714950236356
"S9","PDCTTSNCGQCR",18,8,-0.300349340151264
"P2","GECSTSNTPNQRCC",15,1,-0.300533622633259
"Q3","SPCCTCSQTSNCK",16,2,-0.301308063769837
"J24","RCCVLSVAWCVTGC",9,23,-0.302032067755636
"G2","TAWGRASADPCHWNCT",6,1,-0.302311044180392
"E30","YDECHCCICSIVWCM",4,29,-0.302385149088371
"G27","WGRVSLEPCKT",6,26,-0.302987626586093
"F21","EDRCCCICSWAWCITE",5,20,-0.303367563070436
"A2","DSLEFIASKLA",0,1,-0.303784273387294
"H26","CGKWNFNLLSVFWC",7,25,-0.30451421038393
"H25","MCCCCSIIYC",7,24,-0.30528880590645
"F19","WNHMSILYCHTQC",5,18,-0.307259446904408
"J11","NGTCQWCLSYCWC",9,10,-0.308255593640457
"I8","CWNMCSWCWC",8,7,-0.308821387019118
"C9","DNKFCWNMCSWCNCCTWH",2,8,-0.309910134252505
"I29","CQMLSECWCRTF",8,28,-0.310819151648305
"E13","HCNMRSHAFCIT",4,12,-0.31242922663546
"P13","CCFTRGCTSSNSNN",15,12,-0.312590160015145
"J28","CMCCVWSALWCASGD",9,27,-0.315323762402338
"K18","FTHCCSCSQSPNQK",10,17,-0.315357247075662
"K12","CHCCACSWLFCRTQH",10,11,-0.323407242061823
"I14","YESTIERWLSMDFRI",8,13,-0.324764564334186
"J25","KRMECMCSAIYW",9,24,-0.326886565244168
"D9","CREPIMSMEYIATLCC",3,8,-0.326911063569795
"C4","YQGYCCCMVSHVFCLSNE",2,3,-0.32791727666542
"E18","WQLCSWCQCKT",4,17,-0.328039754216293
"G19","CEPKRCCVKSVCWCLSP",6,18,-0.330403810660598
"B24","HCCMFSMVFCLTGC",1,23,-0.330898196353633
"C7","QKWCFQAHSFCGCCSWHC",2,6,-0.332233151794967
"G25","GPWAWCLCSVCWCMTDCC",6,24,-0.33232275916291
"I6","WEGKCQFRVSLVQCKT",8,5,-0.333181167748247
"H1","EPRCWNACSFCECRS",7,0,-0.333301660233871
"R29","FPRGCSTSNSCNQRQC",17,28,-0.333497204751087
"A12","VSIYFVITHLL",0,11,-0.334435132295683
"B18","WGFMSADYC",1,17,-0.335464795084416
"H29","CCVLSHAWYI",7,28,-0.335718034323264
"P19","GCTCSNTCNNR",15,18,-0.338227731666376
"C11","PNPAIDQLMSADYRKTQC",2,10,-0.338371120300076
"C21","HTNAMSICYCITGC",2,20,-0.338837952462651
"G26","KYCMVSVIFC",6,25,-0.340844031817986
"F9","PFCCCAMSAIYCCSNC",5,8,-0.340992200197003
"F23","CCENRASWCWCRSQC",5,22,-0.341774406902719
"D7","EPWIYCACSMCYCVC",3,6,-0.341787673861273
"P23","YSGECTTSQSGQCRCC",15,22,-0.342067938727903
"B30","CDWKISFCFC",1,29,-0.342895438350963
"I20","GYVWGWISLLYHHDNC",8,19,-0.344160142772331
"F11","DNEWCCQVRSKMWCCSFE",5,10,-0.344638982597743
"I16","GYKYCILSWVFCISRDC",8,15,-0.345001262699152
"C13","KEGHESMAFMRY",2,12,-0.345012167845687
"N23","CCWPPGCSTSNSCNNRCCC",13,22,-0.346022722162906
"K8","YCWQLCSDCWCCSWR",10,7,-0.346079870227804
"M2","CFSGCCTCSNSCNQK",12,1,-0.348133162963292
"G10","CWQACSKCYCRTND",6,9,-0.351283843988268
"F4","YGMVSIVVIEW",5,3,-0.351579984646032
"D13","ECVCCCCSILYCA",3,12,-0.35235178232224
"S2","DCCTSNSGNCK",18,1,-0.352457182629931
"R24","HHADSSYTVFMW",17,23,-0.354367030982765
"H3","TLEGHMSLVFCKS",7,2,-0.354490645432186
"D8","ENHYCYQMKSFCGCCT",3,7,-0.356589590945845
"J21","IHDGADSVVWLWSNC",9,20,-0.357618763313196
"G7","CCVLSMLNCCTPRC",6,6,-0.358459066034674
"I23","FHFNIISHCCCASNRC",8,22,-0.359847069212952
"E24","PCQEQYASWCWCKTQC",4,23,-0.360608433711854
"B19","PYQWQLCSFCDCKTWHC",1,18,-0.360835024192822
"H14","CGKYACCMMSVVFCV",7,13,-0.362187067592009
"H2","DGHISICWTKSQ",7,1,-0.362198746924934
"T15","CCFGPCCSCSNSNNNR",19,14,-0.36266691206677
"E4","CHTTLDGVMSYDYRVTNCC",4,3,-0.364483802801958
"C15","DCCFCLLSFMFCIT",2,14,-0.364856217943741
"D23","PYCFNCCSRCPCHSWHC",3,22,-0.366582325771337
"C18","CCNNCNSFCWCHT",2,17,-0.367209189437561
"F20","WNHASMIWCRSNC",5,19,-0.368925617463988
"H12","WQLVSAWFCCT",7,11,-0.369824066452398
"F30","CENKISAFYCHTQ",5,29,-0.370585945055206
"D19","QKHHWCMLSACYCATG",3,18,-0.37209600363472
"B5","EDGFCWNIISIVFCVYG",1,4,-0.378120004351983
"G15","WQFNLLSAMYCKTPHC",6,14,-0.378568767950045
"E25","NECCCCVKSLCWC",4,24,-0.38095224056626
"H9","EDCFWQACSVFYWACGES",7,8,-0.38137574921256
"K5","FCAMSILYCAT",10,4,-0.382148851335303
"J13","WCCCIISILFCRTN",9,12,-0.382437637815062
"K1","EHFMKGLASVLNLLS",10,0,-0.385186495799226
"D15","YDERHWCMASKIFCVT",3,14,-0.38590782602607
"Q20","CWGGCCTCSNTCNNRCCC",16,19,-0.385987937358868
"G20","SVDKRMSWLFTHT",6,19,-0.391791990873747
"I2","YQKKKCQMMSVACCLTG",8,1,-0.393089178691177
"E23","DCCDCMCSMLFY",4,22,-0.394016102362587
"J10","YQCCSRCGC",9,9,-0.394634104334448
"H21","DGCLDGQMSFEWCFTQCC",7,20,-0.402973473763001
"B20","EQKHKWQACSFCECHWNKC",1,19,-0.403499091005915
"G12","GNHCLEYYMSICWCHDQCS",6,11,-0.403504286473651
"B2","EGFHYCACSKAFCVS",1,1,-0.407702163689645
"J29","QLVDWHISLYYTHSNC",9,28,-0.409109180859834
"E22","RFWCIASKAQCA",4,21,-0.415207078587767
"I1","CENRISWCWCRSNC",8,0,-0.41755091807024
"F24","CYQVHSYCWC",5,23,-0.420102643985342
"G28","QNECRFCVLSKLQC",6,27,-0.42096348392308
"I12","HFHFNMCSHLWCKT",8,11,-0.423426005010893
"D17","VDGRISALFTR",3,16,-0.424708018062198
"H6","FGECLCCLMSMAYCI",7,5,-0.425903032017182
"K10","NYCILSRVWC",10,9,-0.432436482823816
"I22","GTMDKHLSFVWTRSQ",8,21,-0.435795335301551
"D25","ECVVSFAWCKTN",3,24,-0.437267891331557
"B3","RCCQIISMMCCCTRCS",1,2,-0.438241663301308
"F6","QTSLQCRDSLDWLVW",5,5,-0.438336459160418
"F28","DPFMYCLCSVCYCACQCS",5,27,-0.438961124275734
"D27","KCWQICSECFCRS",3,26,-0.440475675644911
"K9","HWQICSVFYYRS",10,8,-0.442577781299985
"I18","IECIMSWMYCAT",8,17,-0.444141337632301
"I21","SCDWHVSFCFCKTQC",8,20,-0.447341969757562
"H16","TNFGIVSHMWMVTKA",7,15,-0.451877028793223
"D26","GRYRCNVLSKIPCCSG",3,25,-0.452583287449632
"H27","YQRFKWNACSYCDCCTER",7,26,-0.456974720386803
"D1","QGWHCCALSIAYCMTWC",3,0,-0.457182172007064
"E6","CQGRCFCMISYMYCVSPH",4,5,-0.458940840986361
"F5","GRWYEFVDSLEYHKYT",5,4,-0.461343986516009
"J7","RYCFNAKSWCPCC",9,6,-0.461703793817774
"J20","QPCCQNCNSFCWCKSQC",9,19,-0.462638525970796
"G30","RSCNRCISMEWKK",6,29,-0.463482297472764
"D18","PCHFCLCSKMYCMCWCS",3,17,-0.463953924120868
"K15","CWQMCSRCYC",10,14,-0.471446641079598
"G29","CNKCLSVEYKRSNC",6,28,-0.476750091110398
"C3","RFCESIMFARTTCF",2,2,-0.478540953277371
"G5","FGFASVIFRHT",6,4,-0.48033946742967
"J22","QPWCFQLKSYCGCCTW",9,21,-0.480933364211774
"E19","EDKHYNVCSMCFWRC",4,18,-0.485808816034285
"H8","ECMFCVRSRMWCCWHR",7,7,-0.492403894960221
"D22","GCCQYCVSFCWCK",3,21,-0.492416720464338
"J18","DWHCCVLSFLQCR",9,17,-0.499437315553997
"F18","DYKMSWMFCKTNC",5,17,-0.50239861536828
"H10","QYNICSRCYCCTQ",7,9,-0.507284433036184
"F14","NGTVFGYASLDFCRT",5,13,-0.516418141960158
"D3","CSKYAFGVESLDYVKSQCT",3,2,-0.523440689424893
"B1","FKCCVMSKAFC",1,0,-0.526706570614449
"E17","YEEFRYQICSRLFCCTN",4,16,-0.530097197863687
"D6","RCWNIKSFCYCHSN",3,5,-0.544638098219135
"D21","SQMCSRMYC",3,20,-0.54481370545726
"K6","WQDCRCCVISRMWFL",10,5,-0.545251353798515
"G3","RCCLVSIIFCLYFDC",6,2,-0.553408070332966
"D2","CHFCMCSIMYCRT",3,1,-0.56613194399049
"E21","EHHCYQLCSFCPCCSFK",4,20,-0.572917299698623
"G16","FCWNACSFCFCR",6,15,-0.573532635965477
"I17","GDCKCCILSKAFCIC",8,16,-0.578140238556806
"B15","WQHCRSNMCSRIYCL",1,14,-0.583552338304865
"E9","ACCICSRMECRTKCT",4,8,-0.584464453527298
"E11","CKWCICSIVWCKTGR",4,10,-0.593030608518815
"I3","CCCEPKESKLYIRSS",8,2,-0.594814692977354
"D12","HDYLVSLCYIKT",3,11,-0.612007337134985
"C14","QENYLSFCYCRSN",2,13,-0.639429810558405
"B12","CEFAESHCYLKTRV",1,11,-0.660114382149394
"D5","NECKFCAVSRCFCITKCT",3,4,-0.661673142893607
"B22","HTKFHRASMLQCK",1,21,-0.670848211701005
"G24","EPCMEYHMSYAYCK",6,23,-0.674371085739929
"G18","EHCWCMISKCYC",6,17,-0.675103639658409
"G4","YNLCSRCGCKT",6,3,-0.681649032592375
"F1","PKRWQIVSHIYCRFNH",5,0,-0.696925899347262
"J3","EPRRCQIMSECFCRTNRC",9,2,-0.716325773359319
"G17","HFCYNICSRCYCKT",6,16,-0.728849875154638
"C6","WCVCSLCYCKSF",2,5,-0.733659184695947
"D16","NPCLDYFLSMCFCKYNC",3,15,-0.733703917365377
"I24","RQNFKVSVVNCRFQCY",8,23,-0.843372825152031
"J27","RFPVLSRMYMRT",9,26,-1.08292985918859
