"L19","L18","L17","L16","L15","L14","L13","L12","L11","L10","L9","L8","L7","L6","L5","L4","L3","L2","L1","R1","R2","R3","R4","R5","R6","R7","R8","R9","R10","R11","R12","R13","R14","R15","R16","R17","R18","R19","pred_1"
-1,-1,-1,-1,-1,-1,-1,-1,-1,-1,-1,-1,-1,-1,1,2,2,5,5,7,5,3,5,4,2,2,5,-1,-1,-1,-1,-1,-1,-1,-1,-1,-1,-1,0.901468089
-1,-1,-1,-1,-1,-1,-1,-1,-1,-1,2,4,8,4,1,5,7,4,5,3,5,7,-1,-1,-1,-1,-1,-1,-1,-1,-1,-1,-1,-1,-1,-1,-1,-1,0.81249739
-1,-1,-1,-1,-1,-1,-1,-1,-1,-1,-1,-1,-1,-1,-1,5,1,5,5,5,1,5,5,1,7,4,5,-1,-1,-1,-1,-1,-1,-1,-1,-1,-1,-1,0.776501347
-1,-1,-1,-1,-1,-1,-1,-1,-1,-1,2,1,1,2,5,5,1,2,5,3,1,7,3,7,5,4,5,2,-1,-1,-1,-1,-1,-1,-1,-1,-1,-1,0.744589863
-1,-1,-1,-1,-1,-1,-1,-1,-1,-1,-1,-1,6,7,5,1,2,5,5,5,7,1,3,1,4,4,-1,-1,-1,-1,-1,-1,-1,-1,-1,-1,-1,-1,0.633498841
-1,-1,-1,-1,-1,-1,-1,-1,-1,-1,-1,-1,-1,8,5,5,4,2,8,5,5,8,4,-1,-1,-1,-1,-1,-1,-1,-1,-1,-1,-1,-1,-1,-1,-1,0.554933202
-1,-1,-1,-1,-1,-1,-1,-1,-1,-1,5,3,1,8,1,2,1,5,1,4,1,3,4,1,5,1,5,2,-1,-1,-1,-1,-1,-1,-1,-1,-1,-1,0.545882451
-1,-1,-1,-1,-1,-1,-1,-1,-1,-1,8,3,5,5,1,1,3,2,1,4,1,7,5,5,7,-1,-1,-1,-1,-1,-1,-1,-1,-1,-1,-1,-1,-1,0.528660528
-1,-1,-1,-1,-1,-1,-1,-1,-1,-1,-1,-1,-1,-1,-1,5,4,4,5,5,5,7,5,1,5,6,8,5,-1,-1,-1,-1,-1,-1,-1,-1,-1,-1,0.480762817
-1,-1,-1,-1,-1,-1,-1,-1,-1,-1,7,3,5,6,5,2,1,5,8,5,1,5,7,7,3,1,5,1,8,-1,-1,-1,-1,-1,-1,-1,-1,-1,0.456136983
-1,-1,-1,-1,-1,-1,-1,-1,-1,-1,-1,-1,7,4,6,2,6,1,1,5,1,7,5,4,7,6,8,8,-1,-1,-1,-1,-1,-1,-1,-1,-1,-1,0.447809136
-1,-1,-1,-1,-1,-1,-1,-1,-1,-1,2,3,5,4,1,3,4,5,1,5,1,6,-1,-1,-1,-1,-1,-1,-1,-1,-1,-1,-1,-1,-1,-1,-1,-1,0.420777566
-1,-1,-1,-1,-1,-1,-1,-1,-1,-1,-1,-1,-1,-1,-1,5,6,4,1,7,7,5,4,5,3,4,7,8,4,-1,-1,-1,-1,-1,-1,-1,-1,-1,0.399072914
-1,-1,-1,-1,-1,-1,-1,-1,-1,-1,-1,-1,7,1,4,7,6,5,1,5,1,5,4,4,5,7,-1,-1,-1,-1,-1,-1,-1,-1,-1,-1,-1,-1,0.380682107
-1,-1,-1,-1,-1,-1,-1,-1,-1,-1,7,3,7,1,1,1,2,6,1,3,1,3,5,-1,-1,-1,-1,-1,-1,-1,-1,-1,-1,-1,-1,-1,-1,-1,0.377815685
-1,-1,-1,-1,-1,-1,-1,-1,-1,-1,-1,-1,6,5,1,5,6,5,1,7,5,7,7,5,5,-1,-1,-1,-1,-1,-1,-1,-1,-1,-1,-1,-1,-1,0.348087536
-1,-1,-1,-1,-1,-1,-1,-1,-1,-1,-1,-1,-1,-1,1,5,3,5,1,3,7,5,5,1,5,2,7,-1,-1,-1,-1,-1,-1,-1,-1,-1,-1,-1,0.335426475
-1,-1,-1,-1,-1,-1,-1,-1,-1,-1,-1,-1,-1,-1,-1,-1,6,5,5,5,5,5,5,5,5,5,7,-1,-1,-1,-1,-1,-1,-1,-1,-1,-1,-1,0.331712845
-1,-1,-1,-1,-1,-1,-1,-1,-1,-1,-1,-1,-1,-1,-1,5,6,5,5,5,1,3,5,8,7,4,-1,-1,-1,-1,-1,-1,-1,-1,-1,-1,-1,-1,0.321794155
-1,-1,-1,-1,-1,-1,-1,-1,-1,-1,-1,-1,-1,-1,-1,-1,3,5,1,5,7,7,5,4,3,2,1,6,5,-1,-1,-1,-1,-1,-1,-1,-1,-1,0.321054076
-1,-1,-1,-1,-1,-1,-1,-1,-1,-1,-1,-1,-1,-1,-1,5,3,5,1,5,1,8,5,1,2,5,7,7,-1,-1,-1,-1,-1,-1,-1,-1,-1,-1,0.312257361
-1,-1,-1,-1,-1,-1,-1,-1,-1,-1,-1,5,7,2,1,1,6,5,1,5,1,7,5,4,1,-1,-1,-1,-1,-1,-1,-1,-1,-1,-1,-1,-1,-1,0.306958827
-1,-1,-1,-1,-1,-1,-1,-1,-1,-1,-1,-1,-1,5,7,7,6,6,1,5,1,3,-1,-1,-1,-1,-1,-1,-1,-1,-1,-1,-1,-1,-1,-1,-1,-1,0.29046611
-1,-1,-1,-1,-1,-1,-1,-1,-1,-1,-1,-1,-1,-1,-1,-1,6,1,1,5,8,6,7,7,7,-1,-1,-1,-1,-1,-1,-1,-1,-1,-1,-1,-1,-1,0.284814248
-1,-1,-1,-1,-1,-1,-1,-1,-1,-1,-1,-1,5,2,5,2,3,5,5,3,1,7,3,5,5,4,5,1,3,-1,-1,-1,-1,-1,-1,-1,-1,-1,0.252473819
-1,-1,-1,-1,-1,-1,-1,-1,-1,-1,7,3,7,1,7,3,4,2,1,5,5,5,5,8,7,2,2,5,5,-1,-1,-1,-1,-1,-1,-1,-1,-1,0.248157381
-1,-1,-1,-1,-1,-1,-1,-1,-1,-1,-1,-1,-1,-1,-1,-1,6,5,5,5,1,7,-1,-1,-1,-1,-1,-1,-1,-1,-1,-1,-1,-1,-1,-1,-1,-1,0.245448286
-1,-1,-1,-1,-1,-1,-1,-1,-1,-1,-1,-1,5,1,1,5,1,2,1,7,7,7,4,5,5,5,5,1,8,-1,-1,-1,-1,-1,-1,-1,-1,-1,0.237193124
-1,-1,-1,-1,-1,-1,-1,-1,-1,-1,-1,-1,6,1,1,5,5,5,8,7,1,7,5,4,3,-1,-1,-1,-1,-1,-1,-1,-1,-1,-1,-1,-1,-1,0.231345206
-1,-1,-1,-1,-1,-1,-1,-1,-1,-1,-1,-1,2,6,1,5,2,1,8,3,7,2,5,-1,-1,-1,-1,-1,-1,-1,-1,-1,-1,-1,-1,-1,-1,-1,0.210024694
-1,-1,-1,-1,-1,-1,-1,-1,-1,-1,6,3,5,2,1,5,3,4,2,4,1,3,4,5,1,7,5,3,-1,-1,-1,-1,-1,-1,-1,-1,-1,-1,0.207740936
-1,-1,-1,-1,-1,-1,-1,-1,-1,-1,5,7,4,1,4,5,4,5,8,5,1,7,5,1,5,2,3,-1,-1,-1,-1,-1,-1,-1,-1,-1,-1,-1,0.197946237
-1,-1,-1,-1,-1,-1,-1,-1,-1,-1,7,6,3,2,5,5,6,5,5,5,1,2,4,1,-1,-1,-1,-1,-1,-1,-1,-1,-1,-1,-1,-1,-1,-1,0.177734772
-1,-1,-1,-1,-1,-1,-1,-1,-1,-1,-1,2,5,1,4,5,2,6,1,5,5,7,5,1,-1,-1,-1,-1,-1,-1,-1,-1,-1,-1,-1,-1,-1,-1,0.173922301
-1,-1,-1,-1,-1,-1,-1,-1,-1,-1,-1,-1,6,3,1,3,6,5,1,5,5,7,-1,-1,-1,-1,-1,-1,-1,-1,-1,-1,-1,-1,-1,-1,-1,-1,0.169023309
-1,-1,-1,-1,-1,-1,-1,-1,-1,-1,-1,-1,-1,-1,-1,2,4,5,5,5,4,5,5,1,3,-1,-1,-1,-1,-1,-1,-1,-1,-1,-1,-1,-1,-1,0.165080033
-1,-1,-1,-1,-1,-1,-1,-1,-1,-1,-1,3,5,1,1,2,2,5,1,5,1,6,-1,-1,-1,-1,-1,-1,-1,-1,-1,-1,-1,-1,-1,-1,-1,-1,0.150554074
-1,-1,-1,-1,-1,-1,-1,-1,-1,-1,-1,-1,-1,-1,-1,-1,6,6,1,5,7,7,5,1,5,-1,-1,-1,-1,-1,-1,-1,-1,-1,-1,-1,-1,-1,0.145026643
-1,-1,-1,-1,-1,-1,-1,-1,-1,-1,-1,-1,-1,4,1,5,6,5,5,7,5,7,5,-1,-1,-1,-1,-1,-1,-1,-1,-1,-1,-1,-1,-1,-1,-1,0.134797451
-1,-1,-1,-1,-1,-1,-1,-1,-1,-1,-1,-1,-1,1,7,5,2,5,1,7,1,7,5,1,2,5,8,-1,-1,-1,-1,-1,-1,-1,-1,-1,-1,-1,0.131491283
-1,-1,-1,-1,-1,-1,-1,-1,-1,-1,7,3,1,4,1,4,3,5,1,4,1,3,-1,-1,-1,-1,-1,-1,-1,-1,-1,-1,-1,-1,-1,-1,-1,-1,0.125762762
-1,-1,-1,-1,-1,-1,-1,-1,-1,-1,-1,4,7,5,5,1,6,1,1,5,1,7,5,5,-1,-1,-1,-1,-1,-1,-1,-1,-1,-1,-1,-1,-1,-1,0.117189777
-1,-1,-1,-1,-1,-1,-1,-1,-1,-1,7,8,7,5,1,2,6,5,1,5,1,3,-1,-1,-1,-1,-1,-1,-1,-1,-1,-1,-1,-1,-1,-1,-1,-1,0.115723847
-1,-1,-1,-1,-1,-1,-1,-1,-1,-1,-1,-1,-1,-1,-1,-1,6,4,1,5,7,5,3,1,3,5,5,2,-1,-1,-1,-1,-1,-1,-1,-1,-1,-1,0.112281228
-1,-1,-1,-1,-1,-1,-1,-1,-1,-1,-1,3,1,2,1,8,6,5,5,5,1,7,-1,-1,-1,-1,-1,-1,-1,-1,-1,-1,-1,-1,-1,-1,-1,-1,0.111428779
-1,-1,-1,-1,-1,-1,-1,-1,-1,-1,-1,-1,-1,-1,-1,-1,6,4,1,5,1,4,8,1,5,2,5,5,3,-1,-1,-1,-1,-1,-1,-1,-1,-1,0.108425073
-1,-1,-1,-1,-1,-1,-1,-1,-1,-1,-1,1,5,4,1,5,6,4,1,2,1,3,5,1,-1,-1,-1,-1,-1,-1,-1,-1,-1,-1,-1,-1,-1,-1,0.107742405
-1,-1,-1,-1,-1,-1,-1,-1,-1,-1,-1,-1,-1,-1,-1,-1,1,5,5,5,1,7,5,7,5,-1,-1,-1,-1,-1,-1,-1,-1,-1,-1,-1,-1,-1,0.099939641
-1,-1,-1,-1,-1,-1,-1,-1,-1,-1,-1,8,7,2,1,1,6,5,1,5,4,7,5,4,-1,-1,-1,-1,-1,-1,-1,-1,-1,-1,-1,-1,-1,-1,0.098637056
-1,-1,-1,-1,-1,-1,-1,-1,-1,-1,-1,-1,-1,-1,-1,-1,6,5,1,5,1,1,3,2,5,5,5,-1,-1,-1,-1,-1,-1,-1,-1,-1,-1,-1,0.098470333
-1,-1,-1,-1,-1,-1,-1,-1,-1,-1,-1,-1,-1,-1,3,5,6,5,1,5,5,3,5,5,2,7,8,4,1,-1,-1,-1,-1,-1,-1,-1,-1,-1,0.097531769
-1,-1,-1,-1,-1,-1,-1,-1,-1,-1,-1,-1,-1,-1,1,5,6,5,1,1,1,7,5,1,4,2,5,-1,-1,-1,-1,-1,-1,-1,-1,-1,-1,-1,0.097464747
-1,-1,-1,-1,-1,-1,-1,-1,-1,-1,4,3,4,4,1,1,6,5,1,5,1,3,4,1,-1,-1,-1,-1,-1,-1,-1,-1,-1,-1,-1,-1,-1,-1,0.097289547
-1,-1,-1,-1,-1,-1,-1,-1,-1,-1,-1,-1,-1,-1,-1,1,6,1,1,5,1,3,5,1,-1,-1,-1,-1,-1,-1,-1,-1,-1,-1,-1,-1,-1,-1,0.090769237
-1,-1,-1,-1,-1,-1,-1,-1,-1,-1,-1,-1,5,1,6,5,6,5,5,5,5,7,5,-1,-1,-1,-1,-1,-1,-1,-1,-1,-1,-1,-1,-1,-1,-1,0.090506858
-1,-1,-1,-1,-1,-1,-1,-1,-1,-1,-1,-1,-1,6,1,1,6,5,4,5,1,7,5,1,5,6,5,2,-1,-1,-1,-1,-1,-1,-1,-1,-1,-1,0.090499298
-1,-1,-1,-1,-1,-1,-1,-1,-1,-1,-1,-1,-1,5,8,5,6,2,5,4,1,7,3,-1,-1,-1,-1,-1,-1,-1,-1,-1,-1,-1,-1,-1,-1,-1,0.090400264
-1,-1,-1,-1,-1,-1,-1,-1,-1,-1,-1,3,5,8,7,1,6,8,4,5,7,2,3,1,2,-1,-1,-1,-1,-1,-1,-1,-1,-1,-1,-1,-1,-1,0.087549642
-1,-1,-1,-1,-1,-1,-1,-1,-1,-1,8,4,5,1,4,4,8,5,7,5,1,6,5,7,3,5,5,5,-1,-1,-1,-1,-1,-1,-1,-1,-1,-1,0.08568329
-1,-1,-1,-1,-1,-1,-1,-1,-1,-1,-1,-1,-1,-1,-1,1,6,5,1,5,1,3,3,-1,-1,-1,-1,-1,-1,-1,-1,-1,-1,-1,-1,-1,-1,-1,0.08507133
-1,-1,-1,-1,-1,-1,-1,-1,-1,-1,-1,-1,-1,-1,-1,-1,6,4,1,5,1,5,5,5,4,8,8,4,-1,-1,-1,-1,-1,-1,-1,-1,-1,-1,0.0823778
-1,-1,-1,-1,-1,-1,-1,-1,-1,-1,-1,-1,-1,4,3,4,3,4,5,5,2,3,3,1,3,-1,-1,-1,-1,-1,-1,-1,-1,-1,-1,-1,-1,-1,0.082241727
-1,-1,-1,-1,-1,-1,-1,-1,-1,-1,-1,-1,7,1,1,4,8,5,1,5,5,2,5,1,5,6,-1,-1,-1,-1,-1,-1,-1,-1,-1,-1,-1,-1,0.080593082
-1,-1,-1,-1,-1,-1,-1,-1,-1,-1,7,2,4,5,8,2,6,5,1,4,7,7,6,1,1,2,5,-1,-1,-1,-1,-1,-1,-1,-1,-1,-1,-1,0.077246903
-1,-1,-1,-1,-1,-1,-1,-1,-1,-1,-1,-1,-1,-1,4,5,3,5,5,4,5,3,5,8,5,7,5,1,5,-1,-1,-1,-1,-1,-1,-1,-1,-1,0.064163965
-1,-1,-1,-1,-1,-1,-1,-1,-1,-1,-1,-1,3,7,6,5,3,5,5,5,1,7,5,5,-1,-1,-1,-1,-1,-1,-1,-1,-1,-1,-1,-1,-1,-1,0.062333417
-1,-1,-1,-1,-1,-1,-1,-1,-1,-1,-1,3,5,5,4,7,6,5,1,4,1,5,6,5,7,5,7,5,-1,-1,-1,-1,-1,-1,-1,-1,-1,-1,0.05699724
-1,-1,-1,-1,-1,-1,-1,-1,-1,-1,3,7,8,3,1,5,6,5,8,4,5,7,-1,-1,-1,-1,-1,-1,-1,-1,-1,-1,-1,-1,-1,-1,-1,-1,0.055592917
-1,-1,-1,-1,-1,-1,-1,-1,-1,-1,-1,3,7,7,1,5,6,1,1,5,5,7,-1,-1,-1,-1,-1,-1,-1,-1,-1,-1,-1,-1,-1,-1,-1,-1,0.052642148
-1,-1,-1,-1,-1,-1,-1,-1,-1,-1,7,7,5,1,1,5,7,2,6,5,5,1,5,7,4,5,5,2,-1,-1,-1,-1,-1,-1,-1,-1,-1,-1,0.047914201
-1,-1,-1,-1,-1,-1,-1,-1,-1,-1,-1,-1,-1,-1,-1,5,6,5,1,4,1,3,5,1,4,-1,-1,-1,-1,-1,-1,-1,-1,-1,-1,-1,-1,-1,0.04745761
-1,-1,-1,-1,-1,-1,-1,-1,-1,-1,-1,-1,-1,1,1,3,6,1,1,5,3,7,5,-1,-1,-1,-1,-1,-1,-1,-1,-1,-1,-1,-1,-1,-1,-1,0.045364569
-1,-1,-1,-1,-1,-1,-1,-1,-1,-1,-1,2,5,5,1,3,4,1,8,5,3,5,3,6,7,-1,-1,-1,-1,-1,-1,-1,-1,-1,-1,-1,-1,-1,0.040961978
-1,-1,-1,-1,-1,-1,-1,-1,-1,-1,-1,-1,-1,1,1,2,6,2,6,3,1,1,5,3,5,8,5,2,-1,-1,-1,-1,-1,-1,-1,-1,-1,-1,0.039836552
-1,-1,-1,-1,-1,-1,-1,-1,-1,-1,-1,-1,-1,-1,5,1,6,5,1,5,1,5,-1,-1,-1,-1,-1,-1,-1,-1,-1,-1,-1,-1,-1,-1,-1,-1,0.037764543
-1,-1,-1,-1,-1,-1,-1,-1,-1,-1,-1,3,8,2,5,8,7,8,5,5,1,7,5,7,5,5,5,-1,-1,-1,-1,-1,-1,-1,-1,-1,-1,-1,0.035387007
-1,-1,-1,-1,-1,-1,-1,-1,-1,-1,-1,-1,-1,-1,4,5,6,5,1,7,1,4,7,5,1,7,5,5,-1,-1,-1,-1,-1,-1,-1,-1,-1,-1,0.032749847
-1,-1,-1,-1,-1,-1,-1,-1,-1,-1,-1,-1,-1,1,1,5,6,2,8,5,1,5,5,-1,-1,-1,-1,-1,-1,-1,-1,-1,-1,-1,-1,-1,-1,-1,0.030097286
-1,-1,-1,-1,-1,-1,-1,-1,-1,-1,-1,-1,-1,-1,-1,-1,6,5,1,4,1,7,5,1,7,5,-1,-1,-1,-1,-1,-1,-1,-1,-1,-1,-1,-1,0.028899082
-1,-1,-1,-1,-1,-1,-1,-1,-1,-1,-1,7,1,1,1,1,6,4,1,4,7,6,2,6,7,7,5,1,-1,-1,-1,-1,-1,-1,-1,-1,-1,-1,0.023872328
-1,-1,-1,-1,-1,-1,-1,-1,-1,-1,5,3,7,1,1,8,6,1,1,5,5,7,-1,-1,-1,-1,-1,-1,-1,-1,-1,-1,-1,-1,-1,-1,-1,-1,0.02302727
-1,-1,-1,-1,-1,-1,-1,-1,-1,-1,-1,-1,4,1,8,5,3,5,1,5,1,7,5,1,1,8,-1,-1,-1,-1,-1,-1,-1,-1,-1,-1,-1,-1,0.02226708
-1,-1,-1,-1,-1,-1,-1,-1,-1,-1,-1,-1,-1,-1,5,5,6,5,1,5,2,7,5,1,1,5,5,-1,-1,-1,-1,-1,-1,-1,-1,-1,-1,-1,0.020494342
-1,-1,-1,-1,-1,-1,-1,-1,-1,-1,4,3,1,1,1,8,8,5,5,3,1,3,6,7,5,5,5,3,-1,-1,-1,-1,-1,-1,-1,-1,-1,-1,0.017491635
-1,-1,-1,-1,-1,-1,-1,-1,-1,-1,7,5,6,1,5,6,1,1,8,6,1,3,5,7,1,5,-1,-1,-1,-1,-1,-1,-1,-1,-1,-1,-1,-1,0.017192136
-1,-1,-1,-1,-1,-1,-1,-1,-1,-1,-1,-1,-1,-1,-1,2,4,5,1,5,1,7,5,1,2,5,-1,-1,-1,-1,-1,-1,-1,-1,-1,-1,-1,-1,0.015921557
-1,-1,-1,-1,-1,-1,-1,-1,-1,-1,7,3,7,2,2,8,4,5,2,7,2,7,5,1,5,5,5,4,-1,-1,-1,-1,-1,-1,-1,-1,-1,-1,0.014868763
-1,-1,-1,-1,-1,-1,-1,-1,-1,-1,7,5,8,7,1,5,1,4,1,5,1,7,-1,-1,-1,-1,-1,-1,-1,-1,-1,-1,-1,-1,-1,-1,-1,-1,0.013781124
-1,-1,-1,-1,-1,-1,-1,-1,-1,-1,-1,-1,-1,-1,1,5,2,5,1,5,1,5,5,1,1,-1,-1,-1,-1,-1,-1,-1,-1,-1,-1,-1,-1,-1,0.012327421
-1,-1,-1,-1,-1,-1,-1,-1,-1,-1,-1,-1,-1,-1,-1,-1,6,5,3,6,1,7,7,1,1,-1,-1,-1,-1,-1,-1,-1,-1,-1,-1,-1,-1,-1,0.010880188
-1,-1,-1,-1,-1,-1,-1,-1,-1,-1,-1,-1,-1,7,1,5,7,5,1,5,1,7,5,1,7,5,2,-1,-1,-1,-1,-1,-1,-1,-1,-1,-1,-1,0.010685265
-1,-1,-1,-1,-1,-1,-1,-1,-1,-1,-1,3,5,2,5,4,6,1,1,7,7,3,5,8,8,1,6,5,2,-1,-1,-1,-1,-1,-1,-1,-1,-1,0.008915703
-1,-1,-1,-1,-1,-1,-1,-1,-1,-1,-1,-1,4,1,1,1,2,5,5,5,6,4,3,1,5,5,4,-1,-1,-1,-1,-1,-1,-1,-1,-1,-1,-1,0.008780697
-1,-1,-1,-1,-1,-1,-1,-1,-1,-1,-1,3,1,5,7,5,4,5,1,6,3,3,8,6,8,5,-1,-1,-1,-1,-1,-1,-1,-1,-1,-1,-1,-1,0.006636791
-1,-1,-1,-1,-1,-1,-1,-1,-1,-1,-1,-1,-1,-1,-1,-1,7,5,1,5,5,5,5,5,1,5,-1,-1,-1,-1,-1,-1,-1,-1,-1,-1,-1,-1,0.005580924
-1,-1,-1,-1,-1,-1,-1,-1,-1,-1,-1,2,3,7,1,3,3,5,1,5,1,7,-1,-1,-1,-1,-1,-1,-1,-1,-1,-1,-1,-1,-1,-1,-1,-1,0.005203825
-1,-1,-1,-1,-1,-1,-1,-1,-1,-1,-1,-1,-1,-1,-1,-1,6,5,8,5,1,7,3,1,-1,-1,-1,-1,-1,-1,-1,-1,-1,-1,-1,-1,-1,-1,0.004888119
-1,-1,-1,-1,-1,-1,-1,-1,-1,-1,-1,-1,1,4,1,5,6,5,1,1,5,7,8,5,7,8,8,-1,-1,-1,-1,-1,-1,-1,-1,-1,-1,-1,0.004552988
-1,-1,-1,-1,-1,-1,-1,-1,-1,-1,-1,3,8,1,1,4,3,5,1,5,7,7,-1,-1,-1,-1,-1,-1,-1,-1,-1,-1,-1,-1,-1,-1,-1,-1,0.00421013
-1,-1,-1,-1,-1,-1,-1,-1,-1,-1,-1,-1,-1,4,3,5,6,5,1,3,1,7,5,1,-1,-1,-1,-1,-1,-1,-1,-1,-1,-1,-1,-1,-1,-1,0.004096463
-1,-1,-1,-1,-1,-1,-1,-1,-1,-1,-1,-1,-1,-1,-1,-1,6,2,1,2,5,5,5,1,5,-1,-1,-1,-1,-1,-1,-1,-1,-1,-1,-1,-1,-1,0.003589595
-1,-1,-1,-1,-1,-1,-1,-1,-1,-1,-1,-1,-1,-1,-1,-1,1,5,8,5,2,7,5,6,3,5,5,5,6,-1,-1,-1,-1,-1,-1,-1,-1,-1,0.003553843
-1,-1,-1,-1,-1,-1,-1,-1,-1,-1,-1,-1,8,1,1,2,6,5,6,5,1,5,5,-1,-1,-1,-1,-1,-1,-1,-1,-1,-1,-1,-1,-1,-1,-1,0.003478919
-1,-1,-1,-1,-1,-1,-1,-1,-1,-1,-1,-1,-1,1,5,5,3,2,8,1,7,5,5,1,5,8,5,1,3,-1,-1,-1,-1,-1,-1,-1,-1,-1,0.003425494
-1,-1,-1,-1,-1,-1,-1,-1,-1,-1,-1,-1,-1,1,4,5,6,2,3,4,3,7,5,1,3,3,3,5,7,-1,-1,-1,-1,-1,-1,-1,-1,-1,0.003333957
-1,-1,-1,-1,-1,-1,-1,-1,-1,-1,-1,-1,-1,-1,4,5,6,5,1,5,6,5,3,7,3,5,6,5,5,-1,-1,-1,-1,-1,-1,-1,-1,-1,0.00282931
-1,-1,-1,-1,-1,-1,-1,-1,-1,-1,-1,-1,-1,-1,2,1,1,5,1,5,1,5,-1,-1,-1,-1,-1,-1,-1,-1,-1,-1,-1,-1,-1,-1,-1,-1,0.002293453
-1,-1,-1,-1,-1,-1,-1,-1,-1,-1,-1,-1,-1,-1,-1,5,2,5,1,4,1,7,5,1,-1,-1,-1,-1,-1,-1,-1,-1,-1,-1,-1,-1,-1,-1,0.002150129
-1,-1,-1,-1,-1,-1,-1,-1,-1,-1,-1,-1,3,1,1,5,1,4,1,5,1,7,-1,-1,-1,-1,-1,-1,-1,-1,-1,-1,-1,-1,-1,-1,-1,-1,0.002083008
-1,-1,-1,-1,-1,-1,-1,-1,-1,-1,-1,-1,-1,-1,-1,3,6,5,1,5,1,3,3,3,-1,-1,-1,-1,-1,-1,-1,-1,-1,-1,-1,-1,-1,-1,0.001636554
-1,-1,-1,-1,-1,-1,-1,-1,-1,-1,-1,-1,-1,1,5,5,5,2,2,2,1,7,2,1,7,6,2,5,3,-1,-1,-1,-1,-1,-1,-1,-1,-1,0.001624922
-1,-1,-1,-1,-1,-1,-1,-1,-1,-1,-1,-1,-1,-1,-1,-1,6,1,1,5,7,5,5,1,1,5,-1,-1,-1,-1,-1,-1,-1,-1,-1,-1,-1,-1,0.001581151
-1,-1,-1,-1,-1,-1,-1,-1,-1,-1,-1,-1,-1,1,5,5,6,1,1,8,1,7,4,1,5,1,7,4,-1,-1,-1,-1,-1,-1,-1,-1,-1,-1,0.001493985
-1,-1,-1,-1,-1,-1,-1,-1,-1,-1,-1,-1,-1,-1,-1,-1,1,5,1,5,1,5,5,1,-1,-1,-1,-1,-1,-1,-1,-1,-1,-1,-1,-1,-1,-1,0.001142283
-1,-1,-1,-1,-1,-1,-1,-1,-1,-1,-1,-1,-1,-1,4,5,1,8,1,4,5,7,5,5,5,1,7,6,-1,-1,-1,-1,-1,-1,-1,-1,-1,-1,0.001024729
-1,-1,-1,-1,-1,-1,-1,-1,-1,-1,-1,-1,-1,-1,-1,-1,6,5,4,5,1,7,5,1,-1,-1,-1,-1,-1,-1,-1,-1,-1,-1,-1,-1,-1,-1,0.000767353
-1,-1,-1,-1,-1,-1,-1,-1,-1,-1,-1,-1,3,1,1,5,3,1,1,5,1,5,5,-1,-1,-1,-1,-1,-1,-1,-1,-1,-1,-1,-1,-1,-1,-1,0.000762772
-1,-1,-1,-1,-1,-1,-1,-1,-1,-1,-1,-1,-1,1,1,3,4,5,1,7,5,7,5,7,3,5,6,-1,-1,-1,-1,-1,-1,-1,-1,-1,-1,-1,0.000635725
-1,-1,-1,-1,-1,-1,-1,-1,-1,-1,-1,-1,-1,-1,-1,-1,3,5,1,4,1,7,5,7,5,5,7,-1,-1,-1,-1,-1,-1,-1,-1,-1,-1,-1,0.000555602
-1,-1,-1,-1,-1,-1,-1,-1,-1,-1,-1,-1,-1,-1,-1,3,3,5,1,5,1,7,5,-1,-1,-1,-1,-1,-1,-1,-1,-1,-1,-1,-1,-1,-1,-1,0.000477429
-1,-1,-1,-1,-1,-1,-1,-1,-1,-1,-1,-1,-1,-1,-1,2,6,5,1,5,1,7,5,7,-1,-1,-1,-1,-1,-1,-1,-1,-1,-1,-1,-1,-1,-1,0.000463704
-1,-1,-1,-1,-1,-1,-1,-1,-1,-1,-1,-1,-1,2,1,3,6,5,1,3,1,7,-1,-1,-1,-1,-1,-1,-1,-1,-1,-1,-1,-1,-1,-1,-1,-1,0.000410425
-1,-1,-1,-1,-1,-1,-1,-1,-1,-1,-1,-1,-1,1,4,3,6,5,1,5,5,5,3,-1,-1,-1,-1,-1,-1,-1,-1,-1,-1,-1,-1,-1,-1,-1,0.00035723
-1,-1,-1,-1,-1,-1,-1,-1,-1,-1,-1,-1,5,5,2,5,2,5,1,4,1,7,5,5,-1,-1,-1,-1,-1,-1,-1,-1,-1,-1,-1,-1,-1,-1,0.000322876
-1,-1,-1,-1,-1,-1,-1,-1,-1,-1,-1,-1,7,1,1,1,4,5,7,5,1,7,1,1,1,7,7,2,-1,-1,-1,-1,-1,-1,-1,-1,-1,-1,0.000319535
-1,-1,-1,-1,-1,-1,-1,-1,-1,-1,-1,-1,7,1,4,5,6,3,1,7,7,7,5,1,-1,-1,-1,-1,-1,-1,-1,-1,-1,-1,-1,-1,-1,-1,0.00027186
-1,-1,-1,-1,-1,-1,-1,-1,-1,-1,-1,-1,-1,7,1,5,3,7,1,5,7,7,5,1,5,-1,-1,-1,-1,-1,-1,-1,-1,-1,-1,-1,-1,-1,0.000196183
-1,-1,-1,-1,-1,-1,-1,-1,-1,-1,-1,-1,5,2,5,5,6,5,1,6,1,7,5,1,2,5,8,-1,-1,-1,-1,-1,-1,-1,-1,-1,-1,-1,0.000175825
-1,-1,-1,-1,-1,-1,-1,-1,-1,-1,-1,-1,-1,-1,4,5,6,1,1,4,1,5,5,1,5,7,-1,-1,-1,-1,-1,-1,-1,-1,-1,-1,-1,-1,0.000171918
-1,-1,-1,-1,-1,-1,-1,-1,-1,-1,-1,-1,-1,-1,1,5,1,5,1,5,7,7,3,1,7,3,7,5,7,-1,-1,-1,-1,-1,-1,-1,-1,-1,0.000156799
-1,-1,-1,-1,-1,-1,-1,-1,-1,-1,-1,-1,1,7,4,5,6,5,1,7,5,7,5,7,-1,-1,-1,-1,-1,-1,-1,-1,-1,-1,-1,-1,-1,-1,0.000109452
-1,-1,-1,-1,-1,-1,-1,-1,-1,-1,-1,-1,-1,-1,4,3,6,5,1,5,1,7,-1,-1,-1,-1,-1,-1,-1,-1,-1,-1,-1,-1,-1,-1,-1,-1,9.87e-05
-1,-1,-1,-1,-1,-1,-1,-1,-1,-1,-1,-1,-1,-1,1,5,6,5,1,7,5,7,5,-1,-1,-1,-1,-1,-1,-1,-1,-1,-1,-1,-1,-1,-1,-1,8.42e-05
-1,-1,-1,-1,-1,-1,-1,-1,-1,-1,-1,-1,-1,-1,-1,5,6,2,1,7,1,7,5,5,-1,-1,-1,-1,-1,-1,-1,-1,-1,-1,-1,-1,-1,-1,6.12e-05
-1,-1,-1,-1,-1,-1,-1,-1,-1,-1,5,8,7,2,1,2,7,5,1,5,1,5,2,6,6,4,-1,-1,-1,-1,-1,-1,-1,-1,-1,-1,-1,-1,5.65e-05
-1,-1,-1,-1,-1,-1,-1,-1,-1,-1,-1,-1,5,1,1,5,7,7,1,5,1,7,5,5,-1,-1,-1,-1,-1,-1,-1,-1,-1,-1,-1,-1,-1,-1,5.26e-05
-1,-1,-1,-1,-1,-1,-1,-1,-1,-1,-1,-1,-1,-1,1,1,6,5,1,8,1,5,6,-1,-1,-1,-1,-1,-1,-1,-1,-1,-1,-1,-1,-1,-1,-1,5.14e-05
-1,-1,-1,-1,-1,-1,-1,-1,-1,-1,-1,-1,-1,1,2,5,6,5,1,7,5,7,5,-1,-1,-1,-1,-1,-1,-1,-1,-1,-1,-1,-1,-1,-1,-1,5.03e-05
-1,-1,-1,-1,-1,-1,-1,-1,-1,-1,-1,-1,-1,-1,1,4,4,3,4,5,7,5,4,1,4,1,6,-1,-1,-1,-1,-1,-1,-1,-1,-1,-1,-1,4.73e-05
-1,-1,-1,-1,-1,-1,-1,-1,-1,-1,1,4,7,2,1,3,1,5,1,5,7,7,5,8,7,7,5,-1,-1,-1,-1,-1,-1,-1,-1,-1,-1,-1,4.34e-05
-1,-1,-1,-1,-1,-1,-1,-1,-1,-1,-1,7,5,5,4,5,6,5,1,5,1,7,3,5,5,6,-1,-1,-1,-1,-1,-1,-1,-1,-1,-1,-1,-1,3.32e-05
-1,-1,-1,-1,-1,-1,-1,-1,-1,-1,-1,-1,-1,-1,-1,-1,6,5,1,7,1,7,5,-1,-1,-1,-1,-1,-1,-1,-1,-1,-1,-1,-1,-1,-1,-1,3.02e-05
-1,-1,-1,-1,-1,-1,-1,-1,-1,-1,-1,3,5,1,4,5,3,5,1,5,7,7,8,1,-1,-1,-1,-1,-1,-1,-1,-1,-1,-1,-1,-1,-1,-1,2.69e-05
-1,-1,-1,-1,-1,-1,-1,-1,-1,-1,-1,-1,-1,-1,-1,-1,7,5,1,7,1,7,5,1,2,-1,-1,-1,-1,-1,-1,-1,-1,-1,-1,-1,-1,-1,2.16e-05
-1,-1,-1,-1,-1,-1,-1,-1,-1,-1,-1,-1,-1,-1,-1,-1,6,5,1,4,7,7,5,5,5,6,-1,-1,-1,-1,-1,-1,-1,-1,-1,-1,-1,-1,2.16e-05
-1,-1,-1,-1,-1,-1,-1,-1,-1,-1,-1,3,7,1,5,3,6,7,1,5,2,5,5,2,6,-1,-1,-1,-1,-1,-1,-1,-1,-1,-1,-1,-1,-1,1.41e-05
-1,-1,-1,-1,-1,-1,-1,-1,-1,-1,-1,-1,5,1,1,3,1,1,1,5,7,7,-1,-1,-1,-1,-1,-1,-1,-1,-1,-1,-1,-1,-1,-1,-1,-1,6.69e-06
-1,-1,-1,-1,-1,-1,-1,-1,-1,-1,1,3,5,2,1,5,8,5,1,4,5,7,3,7,-1,-1,-1,-1,-1,-1,-1,-1,-1,-1,-1,-1,-1,-1,4.93e-06
-1,-1,-1,-1,-1,-1,-1,-1,-1,-1,-1,-1,4,7,1,3,5,5,1,5,1,7,1,1,5,5,-1,-1,-1,-1,-1,-1,-1,-1,-1,-1,-1,-1,2.39e-06
-1,-1,-1,-1,-1,-1,-1,-1,-1,-1,-1,3,3,2,5,6,6,5,1,7,1,7,1,-1,-1,-1,-1,-1,-1,-1,-1,-1,-1,-1,-1,-1,-1,-1,1.12e-07
