sfp,AcpS,PfAcpH,nterm,cterm,sequence,TS,spot,sfp_specific,acps_specific
1,1,0,DSLEFIA,KLA,D S L E F I A S K L A,4,A1,0,0
1,1,0,DALEFIA,KLA,D A L E F I A S K L A,4,A2,0,0
1,1,0,,,D A L E F I A A K L A,4,A3,0,0
1,1,0,,,G D S L D M L E W S L M,4,A4,0,0
0,0,-1,,,G D A L D M L E W A L M,4,A5,0,0
1,0,0,,,G D S L D W M S C I D Y,4,A6,1,0
1,1,0,,,G D S L D L L S Y C L G,4,A7,0,0
1,1,0,,,G D S L W Q L E M A I M,4,A8,0,0
1,1,0,GDSL,WLLRLLN,G D S L S W L L R L L N,4,A9,0,0
1,1,0,GDAL,WLLRLLN,G D A L S W L L R L L N,4,A10,0,0
1,1,0,GD,LAWLLRLLN,G D S L A W L L R L L N,4,A11,0,0
1,1,0,,,G D A L A W L L R L L N,4,A12,0,0
1,1,0,GDSL,WLVRCLN,G D S L S W L V R C L N,4,A13,0,0
1,1,0,GDSL,WLLRCLN,G D S L S W L L R C L N,4,A14,0,0
1,1,0,GDSL,WLVRLLN,G D S L S W L V R L L N,4,A15,0,0
1,1,0,GDSL,WLLRSLN,G D S L S W L L R S L N,4,A16,0,0
1,1,0,GDSL,WLLRCLH,G D S L S W L L R C L H,4,A17,0,0
1,1,0,GDSL,YMLSLIY,G D S L S Y M L S L I Y,4,A18,0,0
1,0,0,NSASFVEDLGAD,LDTVELV,N S A S F V E D L G A D S L D T V E L V,4,A19,1,0
0,0,-1,,,N A A A F V E D L G A D A L D T V E L V,4,A20,0,0
1,1,0,DDDHKA,LDFSK,D D D H K A S L D F S K,4,A21,0,0
1,1,0,,,D D D H K A A L D F A K,4,A22,0,0
1,0,0,IE,VDTVISL,I E S V D T V I S L,4,A23,1,0
0,0,-1,DGVE,TLS,D G V E S T L S,4,A24,0,0
1,0,0,ME,IDYHMRSC,M E S I D Y H M R S C,4,A25,1,0
1,0,0,NNASFVEDLMAD,RTTFQLV,N N A S F V E D L M A D S R T T F Q L V,4,A26,1,0
0,0,-1,NEASCVGMLGAD,NDTVELC,N E A S C V G M L G A D S N D T V E L C,4,A27,0,0
1,0,1,NEDSFVDKWDAD,LDNVELV,N E D S F V D K W D A D S L D N V E L V,4,A28,1,0
0,1,0,AES,DTRLW,A E S S D T R L W,4,A29,0,1
1,0,0,EFID,TITCISR,E F I D S T I T C I S R,4,A30,1,0
0,0,-1,SMWCMD,SVTMMMTT,S M W C M D S S V T M M M T T,4,B1,0,0
0,0,-1,ACENYAE,MEQLRPIVW,A C E N Y A E S M E Q L R P I V W,4,B2,0,0
1,0,0,TECMGCD,IESLFFDI,T E C M G C D S I E S L F F D I,4,B3,1,0
0,0,-1,QREPVE,TDVVTTS,Q R E P V E S T D V V T T S,4,B4,0,0
0,0,-1,ICMAGVD,MEYAE,I C M A G V D S M E Y A E,4,B5,0,0
0,0,-1,WTHDGIE,SITQ,W T H D G I E S S I T Q,4,B6,0,0
1,0,0,SHVPVA,LDWVDTIVC,S H V P V A S L D W V D T I V C,4,B7,1,0
0,0,-1,EIPDE,VETSTYHPH,E I P D E S V E T S T Y H P H,4,B8,0,0
0,0,-1,YVDVDGLI,RDSMS,Y V D V D G L I S R D S M S,4,B9,0,0
0,0,-1,SWAEAEGKE,MDSMTTIV,S W A E A E G K E S M D S M T T I V,4,B10,0,0
1,0,0,FINCDCLD,LETAS,F I N C D C L D S L E T A S,4,B11,1,0
0,0,-1,CFGTTNPMD,MESV,C F G T T N P M D S M E S V,4,B12,0,0
0,0,-1,YLTKCPMD,TDTCTSSPD,Y L T K C P M D S T D T C T S S P D,4,B13,0,0
0,0,-1,FNHDGLE,HLVHSS,F N H D G L E S H L V H S S,4,B14,0,0
1,1,0,CVENNA,MCYFRTNW,C V E N N A S M C Y F R T N W,4,B15,0,0
0,0,-1,TYYNCDPLC,WAACTTTCT,T Y Y N C D P L C S W A A C T T T C T,4,B16,0,0
1,1,0,DFYTV,AELAS,D F Y T V S A E L A S,4,B17,0,0
1,1,0,QRFCCC,YMLCS,Q R F C C C S Y M L C S,4,B18,0,0
0,0,-1,HWCVE,WLMC,H W C V E S W L M C,4,B19,0,0
1,0,0,CEGLD,YAVCSTST,C E G L D S Y A V C S T S T,4,B20,1,0
0,0,-1,SWFQCDGVD,TLTHCDN,S W F Q C D G V D S T L T H C D N,4,B21,0,0
1,0,0,TYFTCDPID,RDYL,T Y F T C D P I D S R D Y L,4,B22,1,0
1,0,0,TFYQRDGVC,EITVVVSSE,T F Y Q R D G V C S E I T V V V S S E,4,B23,1,0
0,0,-1,SRECMD,SDTA,S R E C M D S S D T A,4,B24,0,0
1,0,1,NHYPAE,SESITS,N H Y P A E S S E S I T S,4,B25,1,0
1,0,0,EPAA,IEWIEV,E P A A S I E W I E V,4,B26,1,0
0,0,-1,WYSCDGAD,MESLATT,W Y S C D G A D S M E S L A T T,4,B27,0,0
0,0,-1,AQREPVE,KETL,A Q R E P V E S K E T L,4,B28,0,0
0,0,-1,PLIESKI,ACWFHE,P L I E S K I S A C W F H E,4,B29,0,0
0,0,-1,TSFNREPCE,EISQSS,T S F N R E P C E S E I S Q S S,4,B30,0,0
0,0,-1,ADEDRAE,IDSLWTDI,A D E D R A E S I D S L W T D I,4,C1,0,0
1,0,0,TYATRDCME,LDSVASSC,T Y A T R D C M E S L D S V A S S C,4,C2,1,0
0,0,-1,SSINKDGME,IVTQ,S S I N K D G M E S I V T Q,4,C3,0,0
0,0,-1,SHPPLE,IDTHVA,S H P P L E S I D T H V A,4,C4,0,0
0,0,-1,ASMEGKE,IVTAES,A S M E G K E S I V T A E S,4,C5,0,0
1,0,0,CYGID,IETC,C Y G I D S I E T C,4,C6,1,0
0,0,-1,APVE,VASVESQ,A P V E S V A S V E S Q,4,C7,0,0
0,0,-1,SKRSMQPLD,AETV,S K R S M Q P L D S A E T V,4,C8,0,0
0,0,-1,SHCPAE,VDALVSQST,S H C P A E S V D A L V S Q S T,4,C9,0,0
0,0,-1,TWFQHFCLE,HVACT,T W F Q H F C L E S H V A C T,4,C10,0,0
1,0,0,AQIYGCE,LETCSA,A Q I Y G C E S L E T C S A,4,C11,1,0
1,1,0,HGKIRHHA,MGFHHT,H G K I R H H A S M G F H H T,4,C12,0,0
1,1,0,DPSA,HDYALMRGR,D P S A S H D Y A L M R G R,4,C13,0,0
0,0,-1,MNCNPIE,VITQA,M N C N P I E S V I T Q A,4,C14,0,0
1,0,0,NKECMD,YVVC,N K E C M D S Y V V C,4,C15,1,0
1,1,0,IVLVKDM,MEYK,I V L V K D M S M E Y K,4,C16,0,0
1,1,0,DPII,AATAR,D P I I S A A T A R,4,C17,0,0
0,1,0,TYQKDCVD,RMVCTT,T Y Q K D C V D S R M V C T T,4,C18,0,1
0,0,-1,CDCME,SATCSSTCD,C D C M E S S A T C S S T C D,4,C19,0,0
1,1,0,SYVTREGAD,RESLLIT,S Y V T R E G A D S R E S L L I T,4,C20,0,0
1,1,0,QKYPME,TDFHALTC,Q K Y P M E S T D F H A L T C,4,C21,0,0
1,0,0,TFLQRDPMD,LESC,T F L Q R D P M D S L E S C,4,C22,1,0
1,0,0,QFDVTNI,AEKH,Q F D V T N I S A E K H,4,C23,1,0
0,0,-1,SKCERVDFP,AVTM,S K C E R V D F P S A V T M,4,C24,0,0
1,0,0,MELKRE,KDAKETA,M E L K R E S K D A K E T A,4,C25,1,0
1,1,0,SDNKH,FFHT,S D N K H S F F H T,4,C26,0,0
0,0,-1,EEMGAD,IHTADM,E E M G A D S I H T A D M,4,C27,0,0
0,0,-1,ECMD,SDSVVMS,E C M D S S D S V V M S,4,C28,0,0
0,0,-1,WMNKFPVD,TETMS,W M N K F P V D S T E T M S,4,C29,0,0
0,0,-1,TADIDPLL,AETYESQ,T A D I D P L L S A E T Y E S Q,4,C30,0,0
0,0,-1,WFSKYPVE,KVSNCE,W F S K Y P V E S K V S N C E,4,D1,0,0
1,0,0,QLEGLD,VEYMSLT,Q L E G L D S V E Y M S L T,4,D2,1,0
0,0,-1,QRWGAD,VEVK,Q R W G A D S V E V K,4,D3,0,0
0,0,-1,KFPVD,SESMSDSG,K F P V D S S E S M S D S G,4,D4,0,0
1,0,0,TTYNKDPME,KALCTSQ,T T Y N K D P M E S K A L C T S Q,4,D5,1,0
1,1,0,MGAD,AVTMRSK,M G A D S A V T M R S K,4,D6,0,0
1,1,0,SFLSRFGLD,ADTC,S F L S R F G L D S A D T C,4,D7,0,0
0,0,-1,FMDQYYTV,MDAMHSQ,F M D Q Y Y T V S M D A M H S Q,4,D8,0,0
1,1,0,EDHYE,MFYVHNK,E D H Y E S M F Y V H N K,4,D9,0,0
1,1,0,AEDLGME,LETREMMVR,A E D L G M E S L E T R E M M V R,4,D10,0,0
1,1,0,YRDIFTMD,MNWVTDRIM,Y R D I F T M D S M N W V T D R I M,4,D11,0,0
1,1,0,QKFCIC,SAILS,Q K F C I C S S A I L S,4,D12,0,0
0,0,-1,SDPRM,GEWSH,S D P R M S G E W S H,4,D13,0,0
1,1,0,THYAVGRL,MDWF,T H Y A V G R L S M D W F,4,D14,0,0
1,1,0,FIEMVYIL,VLRVES,F I E M V Y I L S V L R V E S,4,D15,0,0
0,0,-1,YPME,HMVCTS,Y P M E S H M V C T S,4,D16,0,0
1,1,0,NKVSVRRI,IEWR,N K V S V R R I S I E W R,4,D17,0,0
1,0,0,WINEFWAD,YDTADIA,W I N E F W A D S Y D T A D I A,4,D18,1,0
0,0,-1,REPIE,TAMNST,R E P I E S T A M N S T,4,D19,0,0
1,1,0,HVRRD,VESKMVMLK,H V R R D S V E S K M V M L K,4,D20,0,0
0,0,-1,HDGAE,TILNSDTTS,H D G A E S T I L N S D T T S,4,D21,0,0
1,0,0,DRFPKE,VPFMLIHIC,D R F P K E S V P F M L I H I C,4,D22,1,0
0,0,-1,WMQKDPLE,ADSCMSTCD,W M Q K D P L E S A D S C M S T C D,4,D23,0,0
0,0,-1,VLPAE,LDSKDM,V L P A E S L D S K D M,4,D24,0,0
0,0,-1,MEGVA,HESID,M E G V A S H E S I D,4,D25,0,0
0,0,-1,HEPID,TITCTS,H E P I D S T I T C T S,4,D26,0,0
0,0,-1,TWLTKDPVE,VESVI,T W L T K D P V E S V E S V I,4,D27,0,0
0,0,-1,TFNCDCAD,KMAC,T F N C D C A D S K M A C,4,D28,0,0
0,0,-1,MFKM,IDVMHS,M F K M S I D V M H S,4,D29,0,0
0,0,-1,EIWRM,ADILDSNAC,E I W R M S A D I L D S N A C,4,D30,0,0
1,0,0,ADGVD,LAMLCLSC,A D G V D S L A M L C L S C,4,E1,1,0
0,0,-1,CPID,SDSLLVNGD,C P I D S S D S L L V N G D,4,E2,0,0
1,0,0,TFIDGAQ,LQIW,T F I D G A Q S L Q I W,4,E3,1,0
1,0,0,GSEYPKE,VGYLR,G S E Y P K E S V G Y L R,4,E4,1,0
0,0,-1,TVLPPRD,HDSFDPAI,T V L P P R D S H D S F D P A I,4,E5,0,0
0,0,-1,NVEPVD,SVTMMS,N V E P V D S S V T M M S,4,E6,0,0
1,0,0,CLNEIGLV,LEEVVV,C L N E I G L V S L E E V V V,4,E7,1,0
1,0,0,GMADGRL,PDFTH,G M A D G R L S P D F T H,4,E8,1,0
1,1,0,EDFLLPVD,LDLVS,E D F L L P V D S L D L V S,4,E9,0,0
1,1,0,STWNKDCVD,YIICTSS,S T W N K D C V D S Y I I C T S S,4,E10,0,0
1,0,0,YPID,SAVHCSSCC,Y P I D S S A V H C S S C C,4,E11,1,0
0,1,0,TYLSKEGID,SDSLV,T Y L S K E G I D S S D S L V,4,E12,0,1
1,1,0,SHYVPQD,IDAYFTLVT,S H Y V P Q D S I D A Y F T L V T,4,E13,0,0
1,1,0,ANCMEWP,LATMKM,A N C M E W P S L A T M K M,4,E14,0,0
1,1,0,WDHFL,YCYYH,W D H F L S Y C Y Y H,4,E15,0,0
0,0,-1,TPALHEGRD,IVSM,T P A L H E G R D S I V S M,4,E16,0,0
0,0,-1,YVQHEDMD,MESA,Y V Q H E D M D S M E S A,4,E17,0,0
0,0,-1,WQREGLE,SDSAMSN,W Q R E G L E S S D S A M S N,4,E18,0,0
1,0,0,MVHIE,LDFMHSL,M V H I E S L D F M H S L,4,E19,1,0
0,0,-1,CQPCMERHV,VCWSHENLS,C Q P C M E R H V S V C W S H E N L S,4,E20,0,0
1,0,0,MAIMPHY,KAWVELN,M A I M P H Y S K A W V E L N,4,E21,1,0
1,0,0,FIDVLKYH,MEMIEEEL,F I D V L K Y H S M E M I E E E L,4,E22,1,0
0,0,-1,TADPAD,VESMISNSS,T A D P A D S V E S M I S N S S,4,E23,0,0
0,0,-1,DGAE,FIAQTST,D G A E S F I A Q T S T,4,E24,0,0
1,0,0,ACDDWKV,ADWHK,A C D D W K V S A D W H K,4,E25,1,0
1,0,0,DLDHAFLA,HEWWHILIC,D L D H A F L A S H E W W H I L I C,4,E26,1,0
0,0,-1,CDRVLEHQV,YNWTKTEM,C D R V L E H Q V S Y N W T K T E M,4,E27,0,0
1,0,0,YQPDMDQDI,WCFIDYAI,Y Q P D M D Q D I S W C F I D Y A I,4,E28,1,0
0,0,-1,EDGID,HETAE,E D G I D S H E T A E,4,E29,0,0
1,0,0,YIDDVHIV,LEFMHT,Y I D D V H I V S L E F M H T,4,E30,1,0
1,0,0,AVKME,LEYLDTM,A V K M E S L E Y L D T M,4,F1,1,0
0,0,-1,TFLQCDPME,SDTMIT,T F L Q C D P M E S S D T M I T,4,F2,0,0
1,0,0,KFCVD,YLLCTST,K F C V D S Y L L C T S T,4,F3,1,0
1,0,0,PKVVGHL,LEFF,P K V V G H L S L E F F,4,F4,1,0
1,1,0,MDIPKV,LLAHWT,M D I P K V S L L A H W T,4,F5,0,0
0,1,0,DWAK,MDFLLLL,D W A K S M D F L L L L,4,F6,0,1
0,0,-1,VQGMA,VDFSE,V Q G M A S V D F S E,4,F7,0,0
1,1,1,WYNHEPAD,SATKSTSSC,W Y N H E P A D S S A T K S T S S C,4,F8,0,0
1,1,0,YGMD,FMLCSSTC,Y G M D S F M L C S S T C,4,F9,0,0
1,1,0,CYSCDMGLD,LEYLDTLPT,C Y S C D M G L D S L E Y L D T L P T,4,F10,0,0
1,1,0,YFDEDGIN,INVFETMI,Y F D E D G I N S I N V F E T M I,4,F11,0,0
1,1,0,TWFNHDPAD,YVLNTSTSC,T W F N H D P A D S Y V L N T S T S C,4,F12,0,0
0,1,0,NKDCAD,KVAC,N K D C A D S K V A C,4,F13,0,1
1,0,0,SFEYAIHKE,HEGHSE,S F E Y A I H K E S H E G H S E,4,F14,1,0
0,0,-1,DPAE,HAMCS,D P A E S H A M C S,4,F15,0,0
1,1,1,CFGME,YDGMAITTC,C F G M E S Y D G M A I T T C,4,F16,0,0
0,0,-1,VDVDPLD,MCSV,V D V D P L D S M C S V,4,F17,0,0
1,0,0,FPAE,TLTCS,F P A E S T L T C S,4,F18,1,0
1,0,0,REPAE,FMSILT,R E P A E S F M S I L T,4,F19,1,0
1,1,0,REGMD,EAARS,R E G M D S E A A R S,4,F20,0,0
0,0,-1,YEIE,VESAVDEG,Y E I E S V E S A V D E G,4,F21,0,0
1,0,0,GPQL,VETWKTNM,G P Q L S V E T W K T N M,4,F22,1,0
1,1,0,EVDVL,REYKII,E V D V L S R E Y K I I,4,F23,0,0
0,0,-1,QRYCCD,YAACT,Q R Y C C D S Y A A C T,4,F24,0,0
0,0,-1,YEEIPVE,HDLADYL,Y E E I P V E S H D L A D Y L,4,F25,0,0
0,0,-1,SWWSKWGAE,WATATTT,S W W S K W G A E S W A T A T T T,4,F26,0,0
0,0,-1,HDPAD,TLSNTSS,H D P A D S T L S N T S S,4,F27,0,0
1,0,0,WGLM,ICTMLAH,W G L M S I C T M L A H,4,F28,1,0
1,0,0,YMQRYPIC,VASMLS,Y M Q R Y P I C S V A S M L S,4,F29,1,0
1,0,0,HYCME,KMMCSSS,H Y C M E S K M M C S S S,4,F30,1,0
1,0,0,AEPQD,CDWSKTL,A E P Q D S C D W S K T L,4,G1,1,0
1,0,0,CCVPMI,LDFVDY,C C V P M I S L D F V D Y,4,G2,1,0
0,1,0,TWNHWCMD,KIVCSST,T W N H W C M D S K I V C S S T,4,G3,0,1
0,0,-1,REEAGIV,MDTIT,R E E A G I V S M D T I T,4,G4,0,0
0,0,-1,ACEMD,MEMMVSSCT,A C E M D S M E M M V S S C T,4,G5,0,0
0,1,0,DPGHD,KESFLAN,D P G H D S K E S F L A N,4,G6,0,1
1,0,0,QKCGAE,LETCLTST,Q K C G A E S L E T C L T S T,4,G7,1,0
0,0,-1,YFQCDPCD,EATNTTTG,Y F Q C D P C D S E A T N T T T G,4,G8,0,0
1,1,0,FNMCPLD,KLSQ,F N M C P L D S K L S Q,4,G9,0,0
0,1,0,RFCIE,EMACTST,R F C I E S E M A C T S T,4,G10,0,1
1,1,0,YRDELPNE,LEIFD,Y R D E L P N E S L E I F D,4,G11,0,0
1,0,0,YCMC,SAMMT,Y C M C S S A M M T,4,G12,1,0
1,0,0,CEGIE,FVLHTSN,C E G I E S F V L H T S N,4,G13,1,0
0,0,-1,KYPAE,HMVC,K Y P A E S H M V C,4,G14,0,0
0,0,-1,YFNDMHKE,REPHDTLVH,Y F N D M H K E S R E P H D T L V H,4,G15,0,0
1,1,0,NYLEDMFMI,MLHMENR,N Y L E D M F M I S M L H M E N R,4,G16,0,0
1,1,0,WETEDPVI,AEYIKTL,W E T E D P V I S A E Y I K T L,4,G17,0,0
1,1,0,IIHML,LCTYDSAAT,I I H M L S L C T Y D S A A T,4,G18,0,0
1,1,0,TDWHIL,IEFVETNL,T D W H I L S I E F V E T N L,4,G19,0,0
1,0,0,WYNHFPVE,RMAQ,W Y N H F P V E S R M A Q,4,G20,1,0
0,0,-1,SWYQCYGAD,SAACSS,S W Y Q C Y G A D S S A A C S S,4,G21,0,0
0,0,-1,MMPHD,FDTPEENLH,M M P H D S F D T P E E N L H,4,G22,0,0
0,0,-1,WPID,AEVHS,W P I D S A E V H S,4,G23,0,0
1,0,0,EPLE,REWAIMSCS,E P L E S R E W A I M S C S,4,G24,1,0
1,0,0,QTVAPFVM,VEWL,Q T V A P F V M S V E W L,4,G25,1,0
0,0,-1,KETDKPAD,MWAA,K E T D K P A D S M W A A,4,G26,0,0
1,0,0,NHFL,VDWSKTQV,N H F L S V D W S K T Q V,4,G27,1,0
0,0,-1,MTRCGVD,SDSMMASP,M T R C G V D S S D S M M A S P,4,G28,0,0
1,0,0,TWYTRFPLE,RMTITS,T W Y T R F P L E S R M T I T S,4,G29,1,0
1,1,0,NHFCIC,KLICTST,N H F C I C S K L I C T S T,4,G30,0,0
0,0,-1,NHDGAD,TVLNTSSCC,N H D G A D S T V L N T S S C C,4,H1,0,0
1,0,0,HEPAD,TDLLVTSCS,H E P A D S T D L L V T S C S,4,H2,1,0
1,0,0,QRYCAE,KIIC,Q R Y C A E S K I I C,4,H3,1,0
1,1,0,CLDRKI,LCWH,C L D R K I S L C W H,4,H4,0,0
0,1,0,MRRE,AESKDSL,M R R E S A E S K D S L,4,H5,0,1
1,1,0,HYPLE,FMTA,H Y P L E S F M T A,4,H6,0,0
1,1,0,HEGID,FVTICT,H E G I D S F V T I C T,4,H7,0,0
1,1,0,QFLMVHFIE,KCWASFAI,Q F L M V H F I E S K C W A S F A I,4,H8,0,0
0,1,0,KPAE,IYAIDQN,K P A E S I Y A I D Q N,4,H9,0,1
0,1,0,KDGME,TLINTTTS,K D G M E S T L I N T T T S,4,H10,0,1
0,1,0,DCDEGVL,MDTI,D C D E G V L S M D T I,4,H11,0,1
0,1,0,CFTQDWGLV,VCTMDMLM,C F T Q D W G L V S V C T M D M L M,4,H12,0,1
0,1,0,YNRECIE,KLVCSTT,Y N R E C I E S K L V C S T T,4,H13,0,1
0,0,-1,TWSRECVD,HMTAST,T W S R E C V D S H M T A S T,4,H14,0,0
0,0,-1,TWLQTVPPD,VIMKD,T W L Q T V P P D S V I M K D,4,H15,0,0
0,0,-1,WYSMEQGMV,VDWT,W Y S M E Q G M V S V D W T,4,H16,0,0
1,0,0,DHCEMGHA,IDLYHSQ,D H C E M G H A S I D L Y H S Q,4,H17,1,0
1,1,0,HWGVE,HIIKS,H W G V E S H I I K S,4,H18,0,0
0,0,-1,WAQKEPME,SATNVASCE,W A Q K E P M E S S A T N V A S C E,4,H19,0,0
0,0,-1,FCIE,SEMLMATC,F C I E S S E M L M A T C,4,H20,0,0
0,0,-1,APQM,IEYM,A P Q M S I E Y M,4,H21,0,0
1,1,0,CSDQHK,WWHTR,C S D Q H K S W W H T R,4,H22,0,0
1,0,1,CDGCMDQRI,ACWWYTNAT,C D G C M D Q R I S A C W W Y T N A T,4,H23,1,0
0,0,-1,FTRWCAE,KIMCSTSP,F T R W C A E S K I M C S T S P,4,H24,0,0
1,1,0,PNVVGGD,VAIRFLHLS,P N V V G G D S V A I R F L H L S,4,H25,0,0
0,0,-1,RCMESHV,ICFWH,R C M E S H V S I C F W H,4,H26,0,0
1,0,0,QCCGAE,IDMIAIT,Q C C G A E S I D M I A I T,4,H27,1,0
1,0,0,YNRFCLD,FMVCSTSC,Y N R F C L D S F M V C S T S C,4,H28,1,0
1,0,0,RDDLC,LDTAA,R D D L C S L D T A A,4,H29,1,0
1,0,0,PFSDDEGHE,RLTSH,P F S D D E G H E S R L T S H,4,H30,1,0
0,0,-1,TWYQKDPLD,HVMHTT,T W Y Q K D P L D S H V M H T T,4,I1,0,0
1,0,0,VDRCI,IWYTHTQ,V D R C I S I W Y T H T Q,4,I2,1,0
0,0,-1,ANCWPVD,SATCLSTCS,A N C W P V D S S A T C L S T C S,4,I3,0,0
1,1,0,SHEGVE,LDSVIVNSE,S H E G V E S L D S V I V N S E,4,I4,0,0
0,1,0,LEAGHV,MDSV,L E A G H V S M D S V,4,I5,0,1
1,1,0,YMSHDDMD,IDTLT,Y M S H D D M D S I D T L T,4,I6,0,0
0,0,-1,CHGADVGKM,IDAWF,C H G A D V G K M S I D A W F,4,I7,0,0
0,1,0,WNRDCLE,HIVCTT,W N R D C L E S H I V C T T,4,I8,0,1
0,1,0,AGAL,ADTRE,A G A L S A D T R E,4,I9,0,1
1,1,0,MAGVD,RDILI,M A G V D S R D I L I,4,I10,0,0
1,0,0,DPLE,SLTQCMT,D P L E S S L T Q C M T,4,I11,1,0
1,1,0,ASHDPVE,FDSALLTTC,A S H D P V E S F D S A L L T T C,4,I12,0,0
1,0,0,WLNVEGAD,IIIVL,W L N V E G A D S I I I V L,4,I13,1,0
1,1,0,QRDMEPHE,MDTADMRMR,Q R D M E P H E S M D T A D M R M R,4,I14,0,0
0,0,-1,HDGAD,SDACASE,H D G A D S S D A C A S E,4,I15,0,0
1,0,0,TSLEVMPVL,LDYATTV,T S L E V M P V L S L D Y A T T V,4,I16,1,0
0,0,-1,DPAE,SLSI,D P A E S S L S I,4,I17,0,0
0,0,-1,AMKMA,MCSYDIAMC,A M K M A S M C S Y D I A M C,4,I18,0,0
1,1,0,YCIE,TMSIML,Y C I E S T M S I M L,4,I19,0,0
0,0,-1,YYNHCGAD,TESV,Y Y N H C G A D S T E S V,4,I20,0,0
1,1,0,IWCDDNPIM,MDSIKVMV,I W C D D N P I M S M D S I K V M V,4,I21,0,0
0,0,-1,TTFNHEGIE,HMVCTSST,T T F N H E G I E S H M V C T S S T,4,I22,0,0
0,0,-1,MTCDPVD,TISCC,M T C D P V D S T I S C C,4,I23,0,0
1,1,0,ILDWGA,LFERR,I L D W G A S L F E R R,4,I24,0,0
0,0,-1,DCIE,EILCTSSTC,D C I E S E I L C T S S T C,4,I25,0,0
0,0,-1,TYTIFPMD,WEPATLSTC,T Y T I F P M D S W E P A T L S T C,4,I26,0,0
1,1,0,WYQCFGAD,RIIKTTS,W Y Q C F G A D S R I I K T T S,4,I27,0,0
0,0,-1,CPGLE,ADSHLDQ,C P G L E S A D S H L D Q,4,I28,0,0
1,0,0,YNRWGAD,RILCCST,Y N R W G A D S R I L C C S T,4,I29,1,0
1,0,0,EDQFID,LDQMSTKY,E D Q F I D S L D Q M S T K Y,4,I30,1,0
0,0,-1,KWCLD,SDMIAST,K W C L D S S D M I A S T,4,J1,0,0
0,0,-1,DDAC,AETI,D D A C S A E T I,4,J2,0,0
1,0,0,ADAENMD,MMSAHLQAS,A D A E N M D S M M S A H L Q A S,4,J3,1,0
1,1,0,ECIE,YMICSSSC,E C I E S Y M I C S S S C,4,J4,0,0
1,1,0,IGLD,VEFSTITIT,I G L D S V E F S T I T I T,4,J5,0,0
0,1,0,CDAE,ADAVMIST,C D A E S A D A V M I S T,4,J6,0,1
0,0,-1,WQREPAE,SVTHTS,W Q R E P A E S S V T H T S,4,J7,0,0
1,1,0,RLRAERYD,LWWME,R L R A E R Y D S L W W M E,4,J8,0,0
0,0,-1,TYWNKEPAD,HIICTSSTT,T Y W N K E P A D S H I I C T S S T T,4,J9,0,0
1,0,0,WWGKA,VEYM,W W G K A S V E Y M,4,J10,1,0
1,1,0,DCAE,FAICTTS,D C A E S F A I C T T S,4,J11,0,0
0,0,-1,DHVE,ACTVEQ,D H V E S A C T V E Q,4,J12,0,0
1,0,0,CDNGIL,LAWVAVN,C D N G I L S L A W V A V N,4,J13,1,0
1,1,0,ETRFKMV,MDWLETLLC,E T R F K M V S M D W L E T L L C,4,J14,0,0
0,0,-1,TISHDGAD,YETACMSTC,T I S H D G A D S Y E T A C M S T C,4,J15,0,0
0,0,-1,SMDEGIE,LDYH,S M D E G I E S L D Y H,4,J16,0,0
1,1,0,SYGDHFTME,HMTADSKYC,S Y G D H F T M E S H M T A D S K Y C,4,J17,0,0
1,1,0,CPME,LEAMMTL,C P M E S L E A M M T L,4,J18,0,0
0,0,-1,KDPIE,TATNTSSS,K D P I E S T A T N T S S S,4,J19,0,0
1,0,0,WHHMEEWGM,AYEK,W H H M E E W G M S A Y E K,4,J20,1,0
1,0,0,FPNCMLSNI,MDKKETQI,F P N C M L S N I S M D K K E T Q I,4,J21,1,0
0,0,-1,FVNDDGAL,IDSYDDNL,F V N D D G A L S I D S Y D D N L,4,J22,0,0
0,0,-1,EQIE,LMSADEHI,E Q I E S L M S A D E H I,4,J23,0,0
1,0,0,MDGIV,IDSAIVQM,M D G I V S I D S A I V Q M,4,J24,1,0
0,0,-1,FPMD,WALCST,F P M D S W A L C S T,4,J25,0,0
0,0,-1,EPIE,KDSLMS,E P I E S K D S L M S,4,J26,0,0
1,0,0,ERHL,VCFHHTD,E R H L S V C F H H T D,4,J27,1,0
1,0,0,YQHYCIC,FLLCT,Y Q H Y C I C S F L L C T,4,J28,1,0
0,0,-1,QRECME,TVTCSSNC,Q R E C M E S T V T C S S N C,4,J29,0,0
0,0,-1,YWSCEPMD,MESVALS,Y W S C E P M D S M E S V A L S,4,J30,0,0
0,0,-1,SSMQKYCLD,TETCSLSPD,S S M Q K Y C L D S T E T C S L S P D,4,K1,0,0
0,0,-1,TWFTRYCLE,SDSCT,T W F T R Y C L E S S D S C T,4,K2,0,0
1,0,0,WLAMLYQE,KEKWD,W L A M L Y Q E S K E K W D,4,K3,1,0
1,1,0,TTIDDDPMD,IDYKIT,T T I D D D P M D S I D Y K I T,4,K4,0,0
1,1,0,SYMQHEGLE,TVTR,S Y M Q H E G L E S T V T R,4,K5,0,0
1,1,0,TSWQKFCVC,FAAC,T S W Q K F C V C S F A A C,4,K6,0,0
1,0,0,CWGVD,SLTVATTCE,C W G V D S S L T V A T T C E,4,K7,1,0
0,0,-1,ECMNPMM,IDTVET,E C M N P M M S I D T V E T,4,K8,0,0
0,0,-1,APCA,IKMWD,A P C A S I K M W D,4,K9,0,0
1,1,0,LLDRCL,AYWS,L L D R C L S A Y W S,4,K10,0,0
0,0,-1,LDDGKA,AEWTSSNA,L D D G K A S A E W T S S N A,4,K11,0,0
1,1,1,TFAHHDKLE,ICTMHV,T F A H H D K L E S I C T M H V,4,K12,0,0
1,0,0,SYINKWPVD,IDIQTAT,S Y I N K W P V D S I D I Q T A T,4,K13,1,0
0,0,-1,TGDDAPMD,AESAET,T G D D A P M D S A E S A E T,4,K14,0,0
0,0,-1,VGGCATC,QTMWN,V G G C A T C S Q T M W N,4,K15,0,0
1,1,0,GPCITS,QRVWGCCM,G P C I T S S Q R V W G C C M,4,K16,0,0
1,1,0,FADVEPIC,MDTFCAAVY,F A D V E P I C S M D T F C A A V Y,4,K17,0,0
1,0,0,EQRTM,LDYVETHNS,E Q R T M S L D Y V E T H N S,4,K18,1,0
0,0,-1,EKNM,VCFSESHVS,E K N M S V C F S E S H V S,4,K19,0,0
1,1,0,CHRI,IDFV,C H R I S I D F V,4,K20,0,0
1,0,0,DDIQID,KKWVETL,D D I Q I D S K K W V E T L,4,K21,1,0
1,1,0,NPAVTT,NSVNGKGA,N P A V T T S N S V N G K G A,4,K22,0,0
1,1,0,CMQVMDLT,RTVNGKG,C M Q V M D L T S R T V N G K G,4,K23,0,0
0,0,-1,WQEDDGVD,RDWA,W Q E D D G V D S R D W A,4,K24,0,0
1,0,0,TYDDVMPLD,LDTLE,T Y D D V M P L D S L D T L E,4,K25,1,0
1,1,0,GCCSC,QRVWGCC,G C C S C S Q R V W G C C,4,K26,0,0
0,0,-1,APVIEST,KTVNG,A P V I E S T S K T V N G,4,K27,0,0
0,0,-1,DADFMA,MCSLHVVLT,D A D F M A S M C S L H V V L T,4,K28,0,0
0,0,-1,DVGSL,VELIETM,D V G S L S V E L I E T M,4,K29,0,0
0,0,-1,VMST,NTVQNH,V M S T S N T V Q N H,4,K30,0,0
0,0,-1,VDGII,VDTAKM,V D G I I S V D T A K M,4,L1,0,0
1,1,0,GEGCWLE,IVYKMSRC,G E G C W L E S I V Y K M S R C,4,L2,0,0
0,0,-1,SEDIPLI,IMVADT,S E D I P L I S I M V A D T,4,L3,0,0
0,1,0,MPGMESS,KHMQNCGIV,M P G M E S S S K H M Q N C G I V,4,L4,0,1
1,1,0,PLETC,KHAWPR,P L E T C S K H A W P R,4,L5,0,0
1,0,0,CEIYNV,LIWA,C E I Y N V S L I W A,4,L6,1,0
0,0,-1,PPCAST,NHINQ,P P C A S T S N H I N Q,4,L7,0,0
1,1,0,CMPGCLTS,QRVFQCCVI,C M P G C L T S S Q R V F Q C C V I,4,L8,0,0
1,1,0,TCMQGCCTC,RRVWGCCMM,T C M Q G C C T C S R R V W G C C M M,4,L9,0,0
0,1,0,CAGGCVSS,HSMQNC,C A G G C V S S S H S M Q N C,4,L10,0,1
1,1,0,EDKQA,KEFTDSRI,E D K Q A S K E F T D S R I,4,L11,0,0
1,1,0,RWTILDRLL,IEFIE,R W T I L D R L L S I E F I E,4,L12,0,0
1,1,0,VGGCAST,HKMQGCC,V G G C A S T S H K M Q G C C,4,L13,0,0
0,0,-1,QFTEAMPVD,ADTVEAIC,Q F T E A M P V D S A D T V E A I C,4,L14,0,0
1,1,0,CIPIVEAC,HSLYQKGV,C I P I V E A C S H S L Y Q K G V,4,L15,0,0
1,1,0,TCLNAMITC,NSIYQ,T C L N A M I T C S N S I Y Q,4,L16,0,0
0,0,-1,AMMLS,QTMQPHGI,A M M L S S Q T M Q P H G I,4,L17,0,0
1,1,0,TCAPGCISS,NRIYN,T C A P G C I S S S N R I Y N,4,L18,0,0
0,0,-1,TLAEKHM,ICWTES,T L A E K H M S I C W T E S,4,L19,0,0
0,0,-1,CSIMPVD,ADYAD,C S I M P V D S A D Y A D,4,L20,0,0
0,0,-1,CNPDIEKHA,MCWSETHPC,C N P D I E K H A S M C W S E T H P C,4,L21,0,0
1,1,0,SDVERHI,AVFVETELS,S D V E R H I S A V F V E T E L S,4,L22,0,0
0,0,-1,DMDWAD,MEWMAI,D M D W A D S M E W M A I,4,L23,0,0
0,0,-1,FYDEDMPNI,HDVHESNI,F Y D E D M P N I S H D V H E S N I,4,L24,0,0
0,0,-1,MVPMD,HPWLEAMFC,M V P M D S H P W L E A M F C,4,L25,0,0
1,1,0,GCCSC,NRLYP,G C C S C S N R L Y P,4,L26,0,0
0,0,-1,GFTEAMPHV,VEYV,G F T E A M P H V S V E Y V,4,L27,0,0
0,0,-1,MEYRL,ALMMD,M E Y R L S A L M M D,4,L28,0,0
0,0,-1,PPCMTC,NTLWGCPVI,P P C M T C S N T L W G C P V I,4,L29,0,0
1,1,0,PLCSC,KSIY,P L C S C S K S I Y,4,L30,0,0
1,1,0,SCMNPAEVT,KSANGKCM,S C M N P A E V T S K S A N G K C M,4,M1,0,0
1,0,0,YSCNEYQI,VCYT,Y S C N E Y Q I S V C Y T,4,M2,1,0
1,1,0,CVPGCCTT,RTLNGKCLM,C V P G C C T T S R T L N G K C L M,4,M3,0,0
1,1,0,TCAGPCCTS,NRAYGCCA,T C A G P C C T S S N R A Y G C C A,4,M4,0,0
0,0,-1,EEIGDA,MEFME,E E I G D A S M E F M E,4,M5,0,0
1,1,0,CAGGCITS,QKIFP,C A G G C I T S S Q K I F P,4,M6,0,0
0,1,0,AAEPAE,REDADTMV,A A E P A E S R E D A D T M V,4,M7,0,1
1,1,0,CEIC,RTLYNC,C E I C S R T L Y N C,4,M8,0,0
1,1,0,SMEEFAD,LDYAIVII,S M E E F A D S L D Y A I V I I,4,M9,0,0
1,1,0,LNPICSC,HSAFGKCII,L N P I C S C S H S A F G K C I I,4,M10,0,0
0,0,-1,LYAPVVDAD,REVVHLV,L Y A P V V D A D S R E V V H L V,4,M11,0,0
0,0,-1,EVHGAA,IDAANTQPN,E V H G A A S I D A A N T Q P N,4,M12,0,0
1,1,0,TCANPCCSC,KHLW,T C A N P C C S C S K H L W,4,M13,0,0
1,1,0,VMTC,QSLWNKCM,V M T C S Q S L W N K C M,4,M14,0,0
1,1,0,EMGIE,MDTLIVRV,E M G I E S M D T L I V R V,4,M15,0,0
0,0,-1,AGPN,VCFMEAVV,A G P N S V C F M E A V V,4,M16,0,0
1,1,0,PPCVSS,NRVYNCCM,P P C V S S S N R V Y N C C M,4,M17,0,0
1,1,0,TCLPPCCTC,RTIFQK,T C L P P C C T C S R T I F Q K,4,M18,0,0
1,1,0,ERREL,MDSYDKMMT,E R R E L S M D S Y D K M M T,4,M19,0,0
1,1,0,LPPCDSC,RSIFPRCA,L P P C D S C S R S I F P R C A,4,M20,0,0
1,1,0,MEPME,ACYAR,M E P M E S A C Y A R,4,M21,0,0
0,0,-1,VLAGAI,RESP,V L A G A I S R E S P,4,M22,0,0
1,1,0,AQVCDMC,KTLFG,A Q V C D M C S K T L F G,4,M23,0,0
0,0,-1,CVNGMATS,NTLQPCP,C V N G M A T S S N T L Q P C P,4,M24,0,0
1,0,0,SYTYDNFAD,IETMEI,S Y T Y D N F A D S I E T M E I,4,M25,1,0
0,0,-1,SDDNGIA,RELADSLL,S D D N G I A S R E L A D S L L,4,M26,0,0
1,1,0,CAQGCCTC,HKMFQC,C A Q G C C T C S H K M F Q C,4,M27,0,0
1,1,0,CMQPVCST,KRAQPRC,C M Q P V C S T S K R A Q P R C,4,M28,0,0
1,0,0,EDEWQV,LCYTDTK,E D E W Q V S L C Y T D T K,4,M29,1,0
1,0,0,PPVLSC,NTLFQCPAL,P P V L S C S N T L F Q C P A L,4,M30,1,0
1,1,0,TCIQACCLC,KRMFGCPVV,T C I Q A C C L C S K R M F G C P V V,4,N1,0,0
1,1,0,CMPPCCSC,NKAYN,C M P P C C S C S N K A Y N,4,N2,0,0
0,0,-1,SCAGIMATC,QSIWNCP,S C A G I M A T C S Q S I W N C P,4,N3,0,0
0,0,-1,CMGPMDSS,KSAQNCPA,C M G P M D S S S K S A Q N C P A,4,N4,0,0
1,1,0,AETS,HRANPR,A E T S S H R A N P R,4,N5,0,0
1,0,0,EHRA,LCWTETR,E H R A S L C W T E T R,4,N6,1,0
1,0,0,LGVV,VDILETIAN,L G V V S V D I L E T I A N,4,N7,1,0
1,1,0,WDDECGMM,LLLT,W D D E C G M M S L L L T,4,N8,0,0
1,1,0,NPVDTT,KRINPRC,N P V D T T S K R I N P R C,4,N9,0,0
1,0,0,WGEVDHQA,HDWSRT,W G E V D H Q A S H D W S R T,4,N10,1,0
1,1,0,MFML,REYLF,M F M L S R E Y L F,4,N11,0,0
1,1,0,CCTC,NHIFGCCMV,C C T C S N H I F G C C M V,4,N12,0,0
1,0,0,DKME,LDMVETKC,D K M E S L D M V E T K C,4,N13,1,0
0,0,-1,DGAD,HDEVMMAP,D G A D S H D E V M M A P,4,N14,0,0
1,1,0,DKRL,AEWR,D K R L S A E W R,4,N15,0,0
1,1,0,GCDSS,RRINQCC,G C D S S S R R I N Q C C,4,N16,0,0
0,0,-1,PTECPID,HDKTE,P T E C P I D S H D K T E,4,N17,0,0
1,0,0,GPVD,LVYIEVL,G P V D S L V Y I E V L,4,N18,1,0
1,0,0,SDEVWAM,RDFMDEVYC,S D E V W A M S R D F M D E V Y C,4,N19,1,0
1,0,0,EMLYRV,MDTVDFIA,E M L Y R V S M D T V D F I A,4,N20,1,0
1,1,0,NGAETC,RKMYQ,N G A E T C S R K M Y Q,4,N21,0,0
1,1,0,CLPPCCST,NKAY,C L P P C C S T S N K A Y,4,N22,0,0
0,0,-1,DDCMGQE,VMTKESH,D D C M G Q E S V M T K E S H,4,N23,0,0
0,0,-1,TGIDAE,REAVCEQAC,T G I D A E S R E A V C E Q A C,4,N24,0,0
1,0,0,HMMGMM,MVFLVS,H M M G M M S M V F L V S,4,N25,1,0
1,0,0,ALWLL,IMIRETHAA,A L W L L S I M I R E T H A A,4,N26,1,0
1,1,0,MMTC,NTIFPKG,M M T C S N T I F P K G,4,N27,0,0
1,0,0,YGDEIPAE,LDFLE,Y G D E I P A E S L D F L E,4,N28,1,0
1,1,0,VGPCCSC,HHLYPRC,V G P C C S C S H H L Y P R C,4,N29,0,0
0,0,-1,EDEIWRM,LMVMETQ,E D E I W R M S L M V M E T Q,4,N30,0,0
0,0,-1,TEGML,ACFTNSMAC,T E G M L S A C F T N S M A C,4,O1,0,0
1,0,0,DAGID,IDSLHIQ,D A G I D S I D S L H I Q,4,O2,1,0
1,1,0,TCVQPCIST,KKINGR,T C V Q P C I S T S K K I N G R,4,O3,0,0
1,1,0,ELWRE,VDLVQTKIV,E L W R E S V D L V Q T K I V,4,O4,0,0
1,1,0,VCCSC,KRLWQH,V C C S C S K R L W Q H,4,O5,0,0
1,1,0,PLIESC,KTLYNCPLM,P L I E S C S K T L Y N C P L M,4,O6,0,0
1,1,0,CVPPCCTC,NKAWP,C V P P C C T C S N K A W P,4,O7,0,0
0,0,-1,LDDEKVC,DVAMESN,L D D E K V C S D V A M E S N,4,O8,0,0
1,1,0,AQVIDTC,RTLFN,A Q V I D T C S R T L F N,4,O9,0,0
1,1,0,QGQW,AVYVETRM,Q G Q W S A V Y V E T R M,4,O10,0,0
0,0,-1,IPND,VVGCDTHLV,I P N D S V V G C D T H L V,4,O11,0,0
0,0,-1,EEAYMD,METMCS,E E A Y M D S M E T M C S,4,O12,0,0
1,1,0,NILAAT,QSVNPKGI,N I L A A T S Q S V N P K G I,4,O13,0,0
1,1,0,CPAI,IAMSESH,C P A I S I A M S E S H,4,O14,0,0
1,1,0,DSVSEHRA,VCYT,D S V S E H R A S V C Y T,4,O15,0,0
1,1,0,SEEAPIE,IEFTMM,S E E A P I E S I E F T M M,4,O16,0,0
0,0,-1,WVDEVPQE,AVPCNS,W V D E V P Q E S A V P C N S,4,O17,0,0
1,0,0,CCTC,KHMWNCPV,C C T C S K H M W N C P V,4,O18,1,0
0,0,-1,LDQLE,KDTAI,L D Q L E S K D T A I,4,O19,0,0
0,0,-1,KGLV,VDAMDS,K G L V S V D A M D S,4,O20,0,0
1,1,0,IQVIDMC,HSLFNRCV,I Q V I D M C S H S L F N R C V,4,O21,0,0
0,0,-1,VWHD,AEMV,V W H D S A E M V,4,O22,0,0
1,0,0,YIEEVRVV,LWMAHSDVT,Y I E E V R V V S L W M A H S D V T,4,O23,1,0
0,0,-1,TCIPPVVST,NSLQPCGL,T C I P P V V S T S N S L Q P C G L,4,O24,0,0
1,0,0,DEGRI,IMQIDTIV,D E G R I S I M Q I D T I V,4,O25,1,0
1,0,0,PPACTC,KTAWQCP,P P A C T C S K T A W Q C P,4,O26,1,0
1,1,0,KITIMKML,KHSM,K I T I M K M L S K H S M,4,O27,0,0
0,0,-1,CFAWDMPID,ADQMI,C F A W D M P I D S A D Q M I,4,O28,0,0
1,1,0,SCLNPCLTS,KSAQNCCLV,S C L N P C L T S S K S A Q N C C L V,4,O29,0,0
0,0,-1,TSEDREM,MDMLMN,T S E D R E M S M D M L M N,4,O30,0,0
0,0,-1,EVLWAE,VDSVDIE,E V L W A E S V D S V D I E,4,P1,0,0
1,0,0,LVGME,KPFMA,L V G M E S K P F M A,4,P2,1,0
0,0,-1,TWCEEMHLM,VYLM,T W C E E M H L M S V Y L M,4,P3,0,0
1,0,1,CLQGCCTC,NTAYPHCMA,C L Q G C C T C S N T A Y P H C M A,4,P4,1,0
1,0,0,CFEDDEPKM,IDWIETKNC,C F E D D E P K M S I D W I E T K N C,4,P5,1,0
1,1,0,QLVDTT,RSVQGRG,Q L V D T T S R S V Q G R G,4,P6,0,0
1,1,0,PGCITT,HSAQNRCLA,P G C I T T S H S A Q N R C L A,4,P7,0,0
0,0,-1,DNGMM,HDVMKEQIT,D N G M M S H D V M K E Q I T,4,P8,0,0
0,0,-1,DMQRDI,VAWTHTHA,D M Q R D I S V A W T H T H A,4,P9,0,0
1,0,0,PDVEYKQ,LDVLE,P D V E Y K Q S L D V L E,4,P10,1,0
1,1,0,TCMNPCCSC,KSLWNCCI,T C M N P C C S C S K S L W N C C I,4,P11,0,0
0,0,-1,MEWIA,VCSMDLM,M E W I A S V C S M D L M,4,P12,0,0
1,1,0,CIQAMCTC,KRAY,C I Q A M C T C S K R A Y,4,P13,0,0
1,1,0,GACST,KKANGC,G A C S T S K K A N G C,4,P14,0,0
0,0,-1,WSEDEGAE,MEFI,W S E D E G A E S M E F I,4,P15,0,0
0,0,-1,CMGVADLT,RTMQPCGAM,C M G V A D L T S R T M Q P C G A M,4,P16,0,0
1,1,0,LPGVCMC,KRMF,L P G V C M C S K R M F,4,P17,0,0
1,0,0,SELPMD,VLFMDTMAN,S E L P M D S V L F M D T M A N,4,P18,1,0
1,1,0,PIMSC,QTVY,P I M S C S Q T V Y,4,P19,0,0
1,1,0,DFRL,AMVRKTK,D F R L S A M V R K T K,4,P20,0,0
1,1,0,CLGGIATS,QSVNQR,C L G G I A T S S Q S V N Q R,4,P21,0,0
0,1,0,PGVCTS,HTLNQHGMV,P G V C T S S H T L N Q H G M V,4,P22,0,1
1,1,0,WDEACFID,AIYHHIAM,W D E A C F I D S A I Y H H I A M,4,P23,0,0
1,0,0,IISC,NSAYGCC,I I S C S N S A Y G C C,4,P24,1,0
0,0,-1,CQQRDI,IMWSDT,C Q Q R D I S I M W S D T,4,P25,0,0
1,0,0,DWMD,LDTL,D W M D S L D T L,4,P26,1,0
1,0,0,SWPCEDYID,IDFRETLV,S W P C E D Y I D S I D F R E T L V,4,P27,1,0
1,0,0,LIGID,IETLKA,L I G I D S I E T L K A,4,P28,1,0
0,0,-1,TFEDEEGHA,ACSIE,T F E D E E G H A S A C S I E,4,P29,0,0
1,0,0,SWCRAGPAE,MAYLLFMA,S W C R A G P A E S M A Y L L F M A,4,P30,1,0
0,0,-1,AGTL,MEVIDS,A G T L S M E V I D S,4,Q1,0,0
1,1,0,CCSS,NKIYQCCV,C C S S S N K I Y Q C C V,4,Q2,0,0
0,0,-1,EAIAGHL,VEWLDSD,E A I A G H L S V E W L D S D,4,Q3,0,0
1,1,0,CETC,KSAFQHCMM,C E T C S K S A F Q H C M M,4,Q4,0,0
0,0,-1,CDCVGRD,ACSS,C D C V G R D S A C S S,4,Q5,0,0
0,0,-1,EDGMC,VQSM,E D G M C S V Q S M,4,Q6,0,0
0,0,-1,AEDFKN,AEIAD,A E D F K N S A E I A D,4,Q7,0,0
1,1,0,VDIS,KSANPHGLI,V D I S S K S A N P H G L I,4,Q8,0,0
1,1,0,MNPRV,MEFVLYN,M N P R V S M E F V L Y N,4,Q9,0,0
1,1,0,CIGGVEST,RKANG,C I G G V E S T S R K A N G,4,Q10,0,0
1,1,0,CAPGCESC,HKIFNKGMI,C A P G C E S C S H K I F N K G M I,4,Q11,0,0
1,1,0,CLQPVCSC,KSAF,C L Q P V C S C S K S A F,4,Q12,0,0
1,1,0,TFIEENPNY,AMYARSMI,T F I E E N P N Y S A M Y A R S M I,4,Q13,0,0
0,0,-1,DEDGMD,VEFMDTQV,D E D G M D S V E F M D T Q V,4,Q14,0,0
1,1,0,EVEIPAM,IEMIK,E V E I P A M S I E M I K,4,Q15,0,0
1,1,0,PCCTT,QRMWGCCV,P C C T T S Q R M W G C C V,4,Q16,0,0
1,1,0,CMNVMESC,RSMFNHCL,C M N V M E S C S R S M F N H C L,4,Q17,0,0
0,0,-1,VDMGPID,GDYA,V D M G P I D S G D Y A,4,Q18,0,0
0,0,-1,CCTC,HHIW,C C T C S H H I W,4,Q19,0,0
1,1,0,TCVPGACIT,RKLN,T C V P G A C I T S R K L N,4,Q20,0,0
0,0,-1,DEGLV,ADTVHLMMC,D E G L V S A D T V H L M M C,4,Q21,0,0
1,1,0,TCMQPCCSC,KKIFPCCM,T C M Q P C C S C S K K I F P C C M,4,Q22,0,0
1,1,0,SYQCDHHEL,VETFVSMAC,S Y Q C D H H E L S V E T F V S M A C,4,Q23,0,0
1,1,0,LDTS,RKAQQK,L D T S S R K A Q Q K,4,Q24,0,0
1,1,0,CVPGCLSS,NKVYQC,C V P G C L S S S N K V Y Q C,4,Q25,0,0
0,0,-1,CCSC,QHVWQCC,C C S C S Q H V W Q C C,4,Q26,0,0
0,0,-1,SCLGPCVTS,QHIFG,S C L G P C V T S S Q H I F G,4,Q27,0,0
1,0,0,DTDSLC,RAFSDR,D T D S L C S R A F S D R,4,Q28,1,0
0,0,-1,TLAMGIV,MEWLET,T L A M G I V S M E W L E T,4,Q29,0,0
0,0,-1,CAPPCCSC,QHAFPC,C A P P C C S C S Q H A F P C,4,Q30,0,0
1,0,0,TDIEHRA,LCYSETHPC,T D I E H R A S L C Y S E T H P C,4,R1,1,0
0,0,-1,CVPGLLVS,NSMQ,C V P G L L V S S N S M Q,4,R2,0,0
1,1,0,ACST,KHAQ,A C S T S K H A Q,4,R3,0,0
1,0,0,SYSEALWRV,VDSM,S Y S E A L W R V S V D S M,4,R4,1,0
0,0,-1,PCMTT,NSAQNC,P C M T T S N S A Q N C,4,R5,0,0
0,0,-1,CAST,QHVWNCCVI,C A S T S Q H V W N C C V I,4,R6,0,0
1,1,0,TLIDKNI,LCFTD,T L I D K N I S L C F T D,4,R7,0,0
1,1,0,CCIC,KRVWQKP,C C I C S K R V W Q K P,4,R8,0,0
1,1,0,CELC,HTLFQC,C E L C S H T L F Q C,4,R9,0,0
1,1,0,CIPPCCSC,KHVYGCCVL,C I P P C C S C S K H V Y G C C V L,4,R10,0,0
1,1,0,SCIGPCVSS,QKLNQCCAL,S C I G P C V S S S Q K L N Q C C A L,4,R11,0,0
1,1,0,GCITS,RTANPCCAM,G C I T S S R T A N P C C A M,4,R12,0,0
1,0,0,TCLPGCCSC,QHIYNCC,T C L P G C C S C S Q H I Y N C C,4,R13,1,0
0,0,-1,DWTV,KENFEGIP,D W T V S K E N F E G I P,4,R14,0,0
1,1,0,MPGCCSC,NKAWGC,M P G C C S C S N K A W G C,4,R15,0,0
0,0,-1,SADNWAE,METVD,S A D N W A E S M E T V D,4,R16,0,0
0,0,-1,NDEDVPME,VESIEVML,N D E D V P M E S V E S I E V M L,4,R17,0,0
0,1,0,MPPCCTC,QTAYNCCVA,M P P C C T C S Q T A Y N C C V A,4,R18,0,1
1,1,0,SSILKLD,KMIT,S S I L K L D S K M I T,4,R19,0,0
1,1,0,RVDDIGID,IEILIQKGM,R V D D I G I D S I E I L I Q K G M,4,R20,0,0
1,1,0,GPCATS,NRVYNCCMV,G P C A T S S N R V Y N C C M V,4,R21,0,0
1,0,0,SDNGIE,KDTRDSRV,S D N G I E S K D T R D S R V,4,R22,1,0
1,0,0,SWCLSKGAE,MDFKDALAR,S W C L S K G A E S M D F K D A L A R,4,R23,1,0
1,1,0,PMVTT,NTLQQRC,P M V T T S N T L Q Q R C,4,R24,0,0
0,0,-1,TCVQMLLST,QSAQQCPAM,T C V Q M L L S T S Q S A Q Q C P A M,4,R25,0,0
1,0,0,LYEI,AENPDDKV,L Y E I S A E N P D D K V,4,R26,1,0
0,0,-1,DNGHA,AEWMLS,D N G H A S A E W M L S,4,R27,0,0
1,0,0,LVLSC,QTLFGHGIA,L V L S C S Q T L F G H G I A,4,R28,1,0
0,0,-1,DDQPLA,REWVDSHA,D D Q P L A S R E W V D S H A,4,R29,0,0
0,0,-1,SWSCEVGMD,HASA,S W S C E V G M D S H A S A,4,R30,0,0
1,1,0,NPVCSC,RSVW,N P V C S C S R S V W,4,S1,0,0
0,0,-1,PPCITT,HHLNPCC,P P C I T T S H H L N P C C,4,S2,0,0
0,0,-1,TCAGGCMST,QTMQ,T C A G G C M S T S Q T M Q,4,S3,0,0
1,1,0,PCCTC,KTLYGHC,P C C T C S K T L Y G H C,4,S4,0,0
0,0,-1,ELGMD,IEIMDD,E L G M D S I E I M D D,4,S5,0,0
1,1,0,NVAEVT,RTINNRCA,N V A E V T S R T I N N R C A,4,S6,0,0
1,1,0,PGCITT,RKANQCC,P G C I T T S R K A N Q C C,4,S7,0,0
0,0,-1,LPVI,MDWKHT,L P V I S M D W K H T,4,S8,0,0
1,1,0,CMQPCDTC,RRMYQ,C M Q P C D T C S R R M Y Q,4,S9,0,0
1,1,0,CAPGCCTC,QKLYNCC,C A P G C C T C S Q K L Y N C C,4,S10,0,0
1,1,0,GGCCTC,RRIWGHCA,G G C C T C S R R I W G H C A,4,S11,0,0
0,0,-1,KEIIGME,HDQAETNLC,K E I I G M E S H D Q A E T N L C,4,S12,0,0
0,0,-1,TYIEEDHEM,ADMIDAV,T Y I E E D H E M S A D M I D A V,4,S13,0,0
1,1,0,VQGCCSC,KRAYPHCVL,V Q G C C S C S K R A Y P H C V L,4,S14,0,0
1,1,0,IGPLESC,KKAWPHPIA,I G P L E S C S K K A W P H P I A,4,S15,0,0
1,0,0,CCTC,QHVFG,C C T C S Q H V F G,4,S16,1,0
0,0,-1,SWPDCLHVA,IEWGEL,S W P D C L H V A S I E W G E L,4,S17,0,0
1,1,0,DFLEGLD,ACYLDAV,D F L E G L D S A C Y L D A V,4,S18,0,0
0,0,-1,WTDEDGHV,VDWVD,W T D E D G H V S V D W V D,4,S19,0,0
0,0,-1,DKAC,EAAMESAI,D K A C S E A A M E S A I,4,S20,0,0
1,1,0,DLFQA,IAYAESRC,D L F Q A S I A Y A E S R C,4,S21,0,0
1,0,0,PLCSC,KTLWPCGMM,P L C S C S K T L W P C G M M,4,S22,1,0
0,0,-1,CIPGCVSS,QTIN,C I P G C V S S S Q T I N,4,S23,0,0
0,0,-1,CVPPICAC,HHVY,C V P P I C A C S H H V Y,4,S24,0,0
1,1,0,IPPLCSS,RTINQK,I P P L C S S S R T I N Q K,4,S25,0,0
0,0,-1,LGPCMSC,NTAFN,L G P C M S C S N T A F N,4,S26,0,0
0,0,-1,VLLS,NSMQQCPLA,V L L S S N S M Q Q C P L A,4,S27,0,0
1,1,0,DEVHIA,HRTLWARW,D E V H I A S H R T L W A R W,4,S28,0,0
1,1,0,GGCLTT,HHINQKC,G G C L T T S H H I N Q K C,4,S29,0,0
1,1,0,CSDHNI,CCFTKSHGC,C S D H N I S C C F T K S H G C,4,S30,0,0
1,1,0,PPCCSC,NSLYNR,P P C C S C S N S L Y N R,4,T1,0,0
0,0,-1,SCMGGCMSC,QSAYN,S C M G G C M S C S Q S A Y N,4,T2,0,0
0,0,-1,ECVDFID,ADTAFA,E C V D F I D S A D T A F A,4,T3,0,0
0,0,-1,VQPRD,MVSHHAA,V Q P R D S M V S H H A A,4,T4,0,0
1,1,0,NGLCLC,KRIYQKG,N G L C L C S K R I Y Q K G,4,T5,0,0
1,1,0,MGGCATT,NRMFPCC,M G G C A T T S N R M F P C C,4,T6,0,0
0,0,-1,CFNDECPME,KDHT,C F N D E C P M E S K D H T,4,T7,0,0
1,1,0,FTEEAPML,ICFVESNY,F T E E A P M L S I C F V E S N Y,4,T8,0,0
0,0,-1,TCLGPCVTC,QTAWGCGV,T C L G P C V T C S Q T A W G C G V,4,T9,0,0
1,1,0,NGCCSC,RSMF,N G C C S C S R S M F,4,T10,0,0
1,1,0,MQGAETC,KHVYGC,M Q G A E T C S K H V Y G C,4,T11,0,0
1,0,0,PCITS,NHVWNCCL,P C I T S S N H V W N C C L,4,T12,1,0
0,0,-1,CAQPCCSC,QSAFP,C A Q P C C S C S Q S A F P,4,T13,0,0
0,0,-1,EAPME,RENLDLMC,E A P M E S R E N L D L M C,4,T14,0,0
1,1,0,YRDELKVV,AEWGRTQA,Y R D E L K V V S A E W G R T Q A,4,T15,0,0
0,1,0,DVEYRM,AAMMESRAC,D V E Y R M S A A M M E S R A C,4,T16,0,1
1,0,0,AWHV,VALIRE,A W H V S V A L I R E,4,T17,1,0
0,0,-1,EQPHD,ALTRD,E Q P H D S A L T R D,4,T18,0,0
1,1,0,PLVTC,QSVYPK,P L V T C S Q S V Y P K,4,T19,0,0
1,1,0,PGCCSS,NRVWGCCI,P G C C S S S N R V W G C C I,4,T20,0,0
1,1,0,DLRMD,HILSEDR,D L R M D S H I L S E D R,4,T21,0,0
0,0,-1,SCIQPVITS,QTVNG,S C I Q P V I T S S Q T V N G,4,T22,0,0
0,0,-1,CYGELEPVI,MDVKDSQ,C Y G E L E P V I S M D V K D S Q,4,T23,0,0
1,0,0,WYGEVIGLL,RDTGDL,W Y G E V I G L L S R D T G D L,4,T24,1,0
1,0,0,CINAMELS,KTLN,C I N A M E L S S K T L N,4,T25,1,0
1,0,0,CVQPCATT,QSVNQRCA,C V Q P C A T T S Q S V N Q R C A,4,T26,1,0
1,1,0,EWVE,ADSKK,E W V E S A D S K K,4,T27,0,0
1,1,0,SCAGICASC,QSMWQKGAM,S C A G I C A S C S Q S M W Q K G A M,4,T28,0,0
0,0,-1,AYHI,AIYMESHP,A Y H I S A I Y M E S H P,4,T29,0,0
0,0,-1,EDDGVE,WESADISMC,E D D G V E S W E S A D I S M C,4,T30,0,0
