"","recommend.prob","","","","","","","","","","","","","","","","","","","","","","","","","","","","","","","","","","","","","",""
"1",0.0737501952598477,NA,NA,NA,NA,NA,NA,NA,NA,NA,NA,NA,NA,NA,NA,NA,5,1,5,5,7,1,7,5,5,5,7,5,5,NA,NA,NA,NA,NA,NA,NA,NA,NA,NA
"2",0.0705389061741904,NA,NA,NA,NA,NA,NA,NA,NA,NA,NA,NA,NA,NA,NA,NA,NA,8,5,1,7,7,7,5,5,5,7,2,1,NA,NA,NA,NA,NA,NA,NA,NA,NA,NA
"3",0.0700600719522556,NA,NA,NA,NA,NA,NA,NA,NA,NA,NA,NA,NA,NA,NA,NA,3,1,5,1,7,1,7,4,5,5,6,8,5,NA,NA,NA,NA,NA,NA,NA,NA,NA,NA
"4",0.0676567368688515,NA,NA,NA,NA,NA,NA,NA,NA,NA,NA,NA,NA,NA,NA,NA,NA,NA,5,1,7,7,7,2,7,5,7,7,1,NA,NA,NA,NA,NA,NA,NA,NA,NA,NA
"5",0.0673364279688145,NA,NA,NA,NA,NA,NA,NA,NA,NA,NA,NA,NA,NA,NA,NA,5,6,5,1,7,7,7,1,1,5,6,7,1,NA,NA,NA,NA,NA,NA,NA,NA,NA,NA
"6",0.0656679407179543,NA,NA,NA,NA,NA,NA,NA,NA,NA,NA,NA,NA,NA,NA,NA,NA,NA,5,1,7,1,7,1,5,5,7,7,1,NA,NA,NA,NA,NA,NA,NA,NA,NA,NA
"7",0.0651147443098644,NA,NA,NA,NA,NA,NA,NA,NA,NA,NA,NA,NA,NA,NA,NA,NA,6,5,1,7,7,7,5,7,5,6,5,1,NA,NA,NA,NA,NA,NA,NA,NA,NA,NA
"8",0.0640205632152266,NA,NA,NA,NA,NA,NA,NA,NA,NA,NA,NA,NA,NA,NA,NA,NA,NA,5,1,7,7,7,5,5,5,6,7,5,NA,NA,NA,NA,NA,NA,NA,NA,NA,NA
"9",0.0630518665689603,NA,NA,NA,NA,NA,NA,NA,NA,NA,NA,NA,NA,NA,NA,NA,NA,7,5,1,7,1,7,5,5,5,7,5,1,NA,NA,NA,NA,NA,NA,NA,NA,NA,NA
"10",0.0629560456928838,NA,NA,NA,NA,NA,NA,NA,NA,NA,NA,NA,NA,NA,NA,NA,NA,1,5,1,7,7,7,3,7,8,7,5,5,NA,NA,NA,NA,NA,NA,NA,NA,NA,NA
"11",0.0625643411565463,NA,NA,NA,NA,NA,NA,NA,NA,NA,NA,NA,NA,NA,NA,NA,NA,1,5,1,7,7,7,5,1,8,7,4,1,NA,NA,NA,NA,NA,NA,NA,NA,NA,NA
"12",0.0622492087559024,NA,NA,NA,NA,NA,NA,NA,NA,NA,NA,NA,NA,NA,NA,NA,5,6,5,1,7,1,7,2,5,5,6,2,1,NA,NA,NA,NA,NA,NA,NA,NA,NA,NA
"13",0.0619446528008401,NA,NA,NA,NA,NA,NA,NA,NA,NA,NA,NA,NA,NA,NA,NA,NA,7,5,1,7,1,7,5,5,5,6,5,1,NA,NA,NA,NA,NA,NA,NA,NA,NA,NA
"14",0.0614620279778691,NA,NA,NA,NA,NA,NA,NA,NA,NA,NA,NA,NA,NA,NA,NA,NA,4,5,1,7,1,7,3,5,5,6,7,1,NA,NA,NA,NA,NA,NA,NA,NA,NA,NA
"15",0.0605310674097998,NA,NA,NA,NA,NA,NA,NA,NA,NA,NA,NA,NA,NA,NA,NA,1,6,5,1,7,7,7,5,5,5,6,5,5,NA,NA,NA,NA,NA,NA,NA,NA,NA,NA
"16",0.0604572687531463,NA,NA,NA,NA,NA,NA,NA,NA,NA,NA,NA,NA,NA,NA,NA,5,5,5,1,7,7,7,5,7,5,7,5,5,NA,NA,NA,NA,NA,NA,NA,NA,NA,NA
"17",0.0602772792536347,NA,NA,NA,NA,NA,NA,NA,NA,NA,NA,NA,NA,NA,NA,NA,5,1,5,1,7,1,7,1,5,5,6,7,8,NA,NA,NA,NA,NA,NA,NA,NA,NA,NA
"18",0.0591604206229705,NA,NA,NA,NA,NA,NA,NA,NA,NA,NA,NA,NA,NA,NA,NA,NA,4,5,1,7,7,7,8,5,5,6,7,5,NA,NA,NA,NA,NA,NA,NA,NA,NA,NA
"19",0.0590990553004061,NA,NA,NA,NA,NA,NA,NA,NA,NA,NA,NA,NA,NA,NA,NA,NA,1,5,1,7,1,7,8,1,5,7,5,5,NA,NA,NA,NA,NA,NA,NA,NA,NA,NA
"20",0.0586520472987723,NA,NA,NA,NA,NA,NA,NA,NA,NA,NA,NA,NA,NA,NA,NA,NA,NA,5,1,7,7,7,5,7,5,7,8,1,NA,NA,NA,NA,NA,NA,NA,NA,NA,NA
"21",0.0583441902081958,NA,NA,NA,NA,NA,NA,NA,NA,NA,NA,NA,NA,NA,NA,NA,5,8,5,1,7,1,7,5,5,5,7,8,5,NA,NA,NA,NA,NA,NA,NA,NA,NA,NA
"22",0.058174722065401,NA,NA,NA,NA,NA,NA,NA,NA,NA,NA,NA,NA,NA,NA,NA,5,1,5,1,7,1,7,2,5,5,6,5,8,NA,NA,NA,NA,NA,NA,NA,NA,NA,NA
"23",0.0581500596642137,NA,NA,NA,NA,NA,NA,NA,NA,NA,NA,NA,NA,NA,NA,NA,5,3,5,1,7,7,7,5,1,5,6,7,5,NA,NA,NA,NA,NA,NA,NA,NA,NA,NA
"24",0.05788857059854,NA,NA,NA,NA,NA,NA,NA,NA,NA,NA,NA,NA,NA,NA,NA,5,5,5,1,7,1,7,5,5,5,6,5,5,NA,NA,NA,NA,NA,NA,NA,NA,NA,NA
"25",0.0574604366849567,NA,NA,NA,NA,NA,NA,NA,NA,NA,NA,NA,NA,NA,NA,NA,NA,6,5,1,7,7,7,5,1,5,6,5,1,NA,NA,NA,NA,NA,NA,NA,NA,NA,NA
"26",0.0566900335642858,NA,NA,NA,NA,NA,NA,NA,NA,NA,NA,NA,NA,NA,NA,NA,5,1,7,1,7,7,7,5,7,4,6,5,5,NA,NA,NA,NA,NA,NA,NA,NA,NA,NA
"27",0.0564086039418281,NA,NA,NA,NA,NA,NA,NA,NA,NA,NA,NA,NA,NA,NA,NA,3,6,5,1,7,1,7,8,1,5,7,5,1,NA,NA,NA,NA,NA,NA,NA,NA,NA,NA
"28",0.0559773248980344,NA,NA,NA,NA,NA,NA,NA,NA,NA,NA,NA,NA,NA,NA,NA,5,8,5,1,7,1,7,5,1,5,6,4,1,NA,NA,NA,NA,NA,NA,NA,NA,NA,NA
"29",0.0555517727935637,NA,NA,NA,NA,NA,NA,NA,NA,NA,NA,NA,NA,NA,NA,NA,4,1,5,1,7,7,7,2,7,5,7,7,NA,NA,NA,NA,NA,NA,NA,NA,NA,NA,NA
"30",0.0553502696573648,NA,NA,NA,NA,NA,NA,NA,NA,NA,NA,NA,NA,NA,NA,NA,5,8,5,1,7,7,7,5,5,5,6,7,NA,NA,NA,NA,NA,NA,NA,NA,NA,NA,NA
"31",0.0551246342235444,NA,NA,NA,NA,NA,NA,NA,NA,NA,NA,NA,NA,NA,NA,NA,3,1,5,1,7,7,7,5,7,5,7,NA,NA,NA,NA,NA,NA,NA,NA,NA,NA,NA,NA
"32",0.0550987236815547,NA,NA,NA,NA,NA,NA,NA,NA,NA,NA,NA,NA,NA,NA,NA,5,6,5,1,7,1,7,6,5,5,7,5,5,NA,NA,NA,NA,NA,NA,NA,NA,NA,NA
"33",0.0540140996845424,NA,NA,NA,NA,NA,NA,NA,NA,NA,NA,NA,NA,NA,NA,NA,NA,NA,7,1,7,7,7,8,5,5,6,5,1,NA,NA,NA,NA,NA,NA,NA,NA,NA,NA
"34",0.0539799381306316,NA,NA,NA,NA,NA,NA,NA,NA,NA,NA,NA,NA,NA,NA,NA,NA,NA,5,1,7,7,7,5,5,5,7,8,5,NA,NA,NA,NA,NA,NA,NA,NA,NA,NA
"35",0.0535585573335681,NA,NA,NA,NA,NA,NA,NA,NA,NA,NA,NA,NA,NA,NA,NA,NA,1,5,1,7,7,7,5,5,5,6,4,NA,NA,NA,NA,NA,NA,NA,NA,NA,NA,NA
"36",0.0533573405969871,NA,NA,NA,NA,NA,NA,NA,NA,NA,NA,NA,NA,NA,NA,NA,5,4,5,1,7,1,7,8,7,5,6,7,5,NA,NA,NA,NA,NA,NA,NA,NA,NA,NA
"37",0.0532155934785238,NA,NA,NA,NA,NA,NA,NA,NA,NA,NA,NA,NA,NA,NA,NA,NA,6,5,1,7,1,7,4,7,5,7,5,1,NA,NA,NA,NA,NA,NA,NA,NA,NA,NA
"38",0.0531838833125784,NA,NA,NA,NA,NA,NA,NA,NA,NA,NA,NA,NA,NA,NA,NA,NA,5,5,1,7,7,7,6,5,5,7,7,5,NA,NA,NA,NA,NA,NA,NA,NA,NA,NA
"39",0.0531337206056935,NA,NA,NA,NA,NA,NA,NA,NA,NA,NA,NA,NA,NA,NA,NA,5,1,5,1,7,1,7,4,6,2,7,5,1,NA,NA,NA,NA,NA,NA,NA,NA,NA,NA
"40",0.053129690517388,NA,NA,NA,NA,NA,NA,NA,NA,NA,NA,NA,NA,NA,NA,NA,NA,3,5,1,7,1,7,5,5,2,6,7,1,NA,NA,NA,NA,NA,NA,NA,NA,NA,NA
"41",0.0526334968955769,NA,NA,NA,NA,NA,NA,NA,NA,NA,NA,NA,NA,NA,NA,NA,5,6,5,1,7,7,7,4,1,1,7,7,1,NA,NA,NA,NA,NA,NA,NA,NA,NA,NA
"42",0.052410007146526,NA,NA,NA,NA,NA,NA,NA,NA,NA,NA,NA,NA,NA,NA,NA,5,6,5,1,7,1,7,5,1,5,7,4,1,NA,NA,NA,NA,NA,NA,NA,NA,NA,NA
"43",0.0517745675107098,NA,NA,NA,NA,NA,NA,NA,NA,NA,NA,NA,NA,NA,NA,NA,NA,NA,4,1,7,7,7,1,5,5,6,7,1,NA,NA,NA,NA,NA,NA,NA,NA,NA,NA
"44",0.051684440437123,NA,NA,NA,NA,NA,NA,NA,NA,NA,NA,NA,NA,NA,NA,NA,5,6,5,1,7,1,7,5,5,5,7,6,1,NA,NA,NA,NA,NA,NA,NA,NA,NA,NA
"45",0.0516558125930516,NA,NA,NA,NA,NA,NA,NA,NA,NA,NA,NA,NA,NA,NA,NA,NA,6,5,1,7,1,7,5,5,5,6,5,5,NA,NA,NA,NA,NA,NA,NA,NA,NA,NA
"46",0.0515541586244498,NA,NA,NA,NA,NA,NA,NA,NA,NA,NA,NA,NA,NA,NA,NA,5,1,5,6,7,1,7,5,5,5,7,5,NA,NA,NA,NA,NA,NA,NA,NA,NA,NA,NA
"47",0.0509893765278939,NA,NA,NA,NA,NA,NA,NA,NA,NA,NA,NA,NA,NA,NA,NA,5,3,5,1,7,1,7,5,1,5,7,7,5,NA,NA,NA,NA,NA,NA,NA,NA,NA,NA
"48",0.0509827224361891,NA,NA,NA,NA,NA,NA,NA,NA,NA,NA,NA,NA,NA,NA,NA,NA,6,5,1,7,7,7,3,7,3,6,5,1,NA,NA,NA,NA,NA,NA,NA,NA,NA,NA
"49",0.0509511701983179,NA,NA,NA,NA,NA,NA,NA,NA,NA,NA,NA,NA,NA,NA,NA,NA,NA,5,8,7,7,7,5,5,5,6,3,1,NA,NA,NA,NA,NA,NA,NA,NA,NA,NA
"50",0.0507501281844457,NA,NA,NA,NA,NA,NA,NA,NA,NA,NA,NA,NA,NA,NA,NA,5,8,5,1,7,1,7,5,1,2,6,5,1,NA,NA,NA,NA,NA,NA,NA,NA,NA,NA
"51",0.0507344916758565,NA,NA,NA,NA,NA,NA,NA,NA,NA,NA,NA,NA,NA,NA,NA,NA,3,5,1,7,1,7,4,5,3,6,7,1,NA,NA,NA,NA,NA,NA,NA,NA,NA,NA
"52",0.0496563365454685,NA,NA,NA,NA,NA,NA,NA,NA,NA,NA,NA,NA,NA,NA,NA,NA,NA,5,3,7,7,7,5,5,5,6,5,5,NA,NA,NA,NA,NA,NA,NA,NA,NA,NA
"53",0.049519754875599,NA,NA,NA,NA,NA,NA,NA,NA,NA,NA,NA,NA,NA,NA,NA,NA,1,5,1,7,1,7,5,8,5,6,7,5,NA,NA,NA,NA,NA,NA,NA,NA,NA,NA
"54",0.0489448486765761,NA,NA,NA,NA,NA,NA,NA,NA,NA,NA,NA,NA,NA,NA,NA,4,1,5,1,7,1,7,5,7,5,7,7,8,NA,NA,NA,NA,NA,NA,NA,NA,NA,NA
"55",0.0486682177872144,NA,NA,NA,NA,NA,NA,NA,NA,NA,NA,NA,NA,NA,NA,NA,5,2,5,1,7,7,7,3,7,2,7,5,5,NA,NA,NA,NA,NA,NA,NA,NA,NA,NA
"56",0.0486431013337038,NA,NA,NA,NA,NA,NA,NA,NA,NA,NA,NA,NA,NA,NA,NA,NA,6,5,1,7,7,7,5,5,6,7,5,5,NA,NA,NA,NA,NA,NA,NA,NA,NA,NA
"57",0.048608573637031,NA,NA,NA,NA,NA,NA,NA,NA,NA,NA,NA,NA,NA,NA,NA,NA,NA,5,1,7,7,7,8,1,6,7,7,1,NA,NA,NA,NA,NA,NA,NA,NA,NA,NA
"58",0.0485859214854602,NA,NA,NA,NA,NA,NA,NA,NA,NA,NA,NA,NA,NA,NA,NA,NA,6,5,1,7,7,7,2,5,2,6,2,1,NA,NA,NA,NA,NA,NA,NA,NA,NA,NA
"59",0.0484426473384305,NA,NA,NA,NA,NA,NA,NA,NA,NA,NA,NA,NA,NA,NA,NA,5,6,5,1,7,1,7,8,1,5,6,7,5,NA,NA,NA,NA,NA,NA,NA,NA,NA,NA
"60",0.0483712222603016,NA,NA,NA,NA,NA,NA,NA,NA,NA,NA,NA,NA,NA,NA,NA,NA,1,5,1,7,7,7,5,1,5,6,7,8,NA,NA,NA,NA,NA,NA,NA,NA,NA,NA
"61",0.0483655941365312,NA,NA,NA,NA,NA,NA,NA,NA,NA,NA,NA,NA,NA,NA,NA,NA,6,5,1,7,1,7,5,7,5,7,7,5,NA,NA,NA,NA,NA,NA,NA,NA,NA,NA
"62",0.048362776194895,NA,NA,NA,NA,NA,NA,NA,NA,NA,NA,NA,NA,NA,NA,NA,NA,1,5,1,7,7,7,6,5,5,7,3,NA,NA,NA,NA,NA,NA,NA,NA,NA,NA,NA
"63",0.0483030354945944,NA,NA,NA,NA,NA,NA,NA,NA,NA,NA,NA,NA,NA,NA,NA,NA,6,5,1,7,7,7,8,6,5,7,7,1,NA,NA,NA,NA,NA,NA,NA,NA,NA,NA
"64",0.0482406852745432,NA,NA,NA,NA,NA,NA,NA,NA,NA,NA,NA,NA,NA,NA,NA,5,7,5,1,7,7,7,5,1,8,6,3,1,NA,NA,NA,NA,NA,NA,NA,NA,NA,NA
"65",0.0482131105825252,NA,NA,NA,NA,NA,NA,NA,NA,NA,NA,NA,NA,NA,NA,NA,NA,NA,5,1,7,7,7,5,5,1,6,5,5,NA,NA,NA,NA,NA,NA,NA,NA,NA,NA
"66",0.0480535345402963,NA,NA,NA,NA,NA,NA,NA,NA,NA,NA,NA,NA,NA,NA,NA,NA,1,5,1,7,7,7,5,7,5,7,NA,NA,NA,NA,NA,NA,NA,NA,NA,NA,NA,NA
"67",0.0478646540087716,NA,NA,NA,NA,NA,NA,NA,NA,NA,NA,NA,NA,NA,NA,NA,NA,3,5,1,7,7,7,1,5,3,7,5,5,NA,NA,NA,NA,NA,NA,NA,NA,NA,NA
"68",0.0476767533193855,NA,NA,NA,NA,NA,NA,NA,NA,NA,NA,NA,NA,NA,NA,NA,NA,NA,5,1,7,1,7,5,7,5,7,5,5,NA,NA,NA,NA,NA,NA,NA,NA,NA,NA
"69",0.0475639668184993,NA,NA,NA,NA,NA,NA,NA,NA,NA,NA,NA,NA,NA,NA,NA,NA,NA,5,1,7,1,7,5,5,3,7,4,1,NA,NA,NA,NA,NA,NA,NA,NA,NA,NA
"70",0.0475222111922788,NA,NA,NA,NA,NA,NA,NA,NA,NA,NA,NA,NA,NA,NA,NA,NA,NA,5,1,7,1,7,5,5,5,7,3,5,NA,NA,NA,NA,NA,NA,NA,NA,NA,NA
"71",0.0474371750184645,NA,NA,NA,NA,NA,NA,NA,NA,NA,NA,NA,NA,NA,NA,NA,3,5,5,1,7,7,7,5,5,5,7,7,NA,NA,NA,NA,NA,NA,NA,NA,NA,NA,NA
"72",0.0473364949931688,NA,NA,NA,NA,NA,NA,NA,NA,NA,NA,NA,NA,NA,NA,NA,5,7,5,1,7,1,7,5,1,5,7,5,5,NA,NA,NA,NA,NA,NA,NA,NA,NA,NA
"73",0.0469844334580771,NA,NA,NA,NA,NA,NA,NA,NA,NA,NA,NA,NA,NA,NA,NA,5,6,4,1,7,7,7,5,1,5,6,5,1,NA,NA,NA,NA,NA,NA,NA,NA,NA,NA
"74",0.0468605373788691,NA,NA,NA,NA,NA,NA,NA,NA,NA,NA,NA,NA,NA,NA,NA,NA,NA,5,1,7,1,7,6,5,5,6,5,5,NA,NA,NA,NA,NA,NA,NA,NA,NA,NA
"75",0.0468222534025275,NA,NA,NA,NA,NA,NA,NA,NA,NA,NA,NA,NA,NA,NA,NA,NA,1,5,1,7,1,7,5,5,5,7,NA,NA,NA,NA,NA,NA,NA,NA,NA,NA,NA,NA
"76",0.0467982942844633,NA,NA,NA,NA,NA,NA,NA,NA,NA,NA,NA,NA,NA,NA,NA,5,6,2,1,7,7,7,5,7,5,6,3,1,NA,NA,NA,NA,NA,NA,NA,NA,NA,NA
"77",0.0467282668351443,NA,NA,NA,NA,NA,NA,NA,NA,NA,NA,NA,NA,NA,NA,NA,NA,6,5,6,7,7,7,3,5,5,6,5,5,NA,NA,NA,NA,NA,NA,NA,NA,NA,NA
"78",0.0465415323983553,NA,NA,NA,NA,NA,NA,NA,NA,NA,NA,NA,NA,NA,NA,NA,NA,1,5,1,7,7,7,4,1,5,6,7,7,NA,NA,NA,NA,NA,NA,NA,NA,NA,NA
"79",0.0464587555570716,NA,NA,NA,NA,NA,NA,NA,NA,NA,NA,NA,NA,NA,NA,NA,NA,NA,5,3,7,1,7,5,7,5,6,5,1,NA,NA,NA,NA,NA,NA,NA,NA,NA,NA
"80",0.0464188209370812,NA,NA,NA,NA,NA,NA,NA,NA,NA,NA,NA,NA,NA,NA,NA,NA,6,5,1,7,7,7,8,1,5,7,5,5,NA,NA,NA,NA,NA,NA,NA,NA,NA,NA
"81",0.0462624637015445,NA,NA,NA,NA,NA,NA,NA,NA,NA,NA,NA,NA,NA,NA,NA,NA,6,5,1,7,7,7,1,1,5,6,7,5,NA,NA,NA,NA,NA,NA,NA,NA,NA,NA
"82",0.0456871895729603,NA,NA,NA,NA,NA,NA,NA,NA,NA,NA,NA,NA,NA,NA,NA,5,1,5,1,7,1,7,5,7,3,7,5,NA,NA,NA,NA,NA,NA,NA,NA,NA,NA,NA
"83",0.0455951982613199,NA,NA,NA,NA,NA,NA,NA,NA,NA,NA,NA,NA,NA,NA,NA,3,1,5,1,7,7,7,2,1,5,6,NA,NA,NA,NA,NA,NA,NA,NA,NA,NA,NA,NA
"84",0.0455907616575254,NA,NA,NA,NA,NA,NA,NA,NA,NA,NA,NA,NA,NA,NA,NA,NA,NA,5,1,7,1,7,8,5,5,7,2,5,NA,NA,NA,NA,NA,NA,NA,NA,NA,NA
"85",0.0454360564885346,NA,NA,NA,NA,NA,NA,NA,NA,NA,NA,NA,NA,NA,NA,NA,NA,2,5,1,7,1,7,5,5,5,7,2,5,NA,NA,NA,NA,NA,NA,NA,NA,NA,NA
"86",0.045428632057448,NA,NA,NA,NA,NA,NA,NA,NA,NA,NA,NA,NA,NA,NA,NA,1,8,5,1,7,7,7,5,3,3,7,5,1,NA,NA,NA,NA,NA,NA,NA,NA,NA,NA
"87",0.045384518357432,NA,NA,NA,NA,NA,NA,NA,NA,NA,NA,NA,NA,NA,NA,NA,5,8,5,1,7,7,7,3,5,5,7,NA,NA,NA,NA,NA,NA,NA,NA,NA,NA,NA,NA
"88",0.0450904221736556,NA,NA,NA,NA,NA,NA,NA,NA,NA,NA,NA,NA,NA,NA,NA,3,6,5,1,7,1,7,8,8,5,7,5,1,NA,NA,NA,NA,NA,NA,NA,NA,NA,NA
"89",0.0450223590799154,NA,NA,NA,NA,NA,NA,NA,NA,NA,NA,NA,NA,NA,NA,NA,NA,1,5,1,7,7,7,5,7,4,6,5,NA,NA,NA,NA,NA,NA,NA,NA,NA,NA,NA
"90",0.0447414657907069,NA,NA,NA,NA,NA,NA,NA,NA,NA,NA,NA,NA,NA,NA,NA,NA,NA,5,1,7,1,7,2,7,5,6,5,5,NA,NA,NA,NA,NA,NA,NA,NA,NA,NA
"91",0.044349878721128,NA,NA,NA,NA,NA,NA,NA,NA,NA,NA,NA,NA,NA,NA,NA,NA,NA,5,3,7,7,7,5,5,5,7,4,5,NA,NA,NA,NA,NA,NA,NA,NA,NA,NA
"92",0.0443334915714073,NA,NA,NA,NA,NA,NA,NA,NA,NA,NA,NA,NA,NA,NA,NA,NA,NA,5,3,7,1,7,5,5,2,7,7,1,NA,NA,NA,NA,NA,NA,NA,NA,NA,NA
"93",0.0442496685877631,NA,NA,NA,NA,NA,NA,NA,NA,NA,NA,NA,NA,NA,NA,NA,NA,NA,5,1,7,1,7,1,5,5,6,4,5,NA,NA,NA,NA,NA,NA,NA,NA,NA,NA
"94",0.0441290536504883,NA,NA,NA,NA,NA,NA,NA,NA,NA,NA,NA,NA,NA,NA,NA,8,1,5,1,7,1,7,3,5,5,6,NA,NA,NA,NA,NA,NA,NA,NA,NA,NA,NA,NA
"95",0.0439870863571312,NA,NA,NA,NA,NA,NA,NA,NA,NA,NA,NA,NA,NA,NA,NA,NA,NA,5,1,7,1,7,5,3,5,6,5,1,NA,NA,NA,NA,NA,NA,NA,NA,NA,NA
"96",0.0438080018056524,NA,NA,NA,NA,NA,NA,NA,NA,NA,NA,NA,NA,NA,NA,NA,5,2,5,1,7,7,7,8,7,5,6,7,NA,NA,NA,NA,NA,NA,NA,NA,NA,NA,NA
"97",0.0438033218162851,NA,NA,NA,NA,NA,NA,NA,NA,NA,NA,NA,NA,NA,NA,NA,5,8,5,1,7,7,7,5,5,8,6,5,NA,NA,NA,NA,NA,NA,NA,NA,NA,NA,NA
"98",0.0437887700414412,NA,NA,NA,NA,NA,NA,NA,NA,NA,NA,NA,NA,NA,NA,NA,8,6,5,1,7,7,7,5,5,5,7,7,NA,NA,NA,NA,NA,NA,NA,NA,NA,NA,NA
"99",0.0437213592518096,NA,NA,NA,NA,NA,NA,NA,NA,NA,NA,NA,NA,NA,NA,NA,NA,NA,5,1,7,1,7,5,1,5,7,7,5,NA,NA,NA,NA,NA,NA,NA,NA,NA,NA
"100",0.0436152972494829,NA,NA,NA,NA,NA,NA,NA,NA,NA,NA,NA,NA,NA,NA,NA,NA,NA,5,1,7,1,7,8,5,2,7,7,5,NA,NA,NA,NA,NA,NA,NA,NA,NA,NA
"101",0.0435467811555029,NA,NA,NA,NA,NA,NA,NA,NA,NA,NA,NA,NA,NA,NA,NA,NA,NA,5,1,7,7,7,5,5,5,7,5,7,NA,NA,NA,NA,NA,NA,NA,NA,NA,NA
"102",0.0433774154817845,NA,NA,NA,NA,NA,NA,NA,NA,NA,NA,NA,NA,NA,NA,NA,NA,NA,5,5,7,7,7,5,5,5,6,4,5,NA,NA,NA,NA,NA,NA,NA,NA,NA,NA
"103",0.0433193756640873,NA,NA,NA,NA,NA,NA,NA,NA,NA,NA,NA,NA,NA,NA,NA,5,7,7,1,7,1,7,8,5,5,7,5,5,NA,NA,NA,NA,NA,NA,NA,NA,NA,NA
"104",0.0431082389018445,NA,NA,NA,NA,NA,NA,NA,NA,NA,NA,NA,NA,NA,NA,NA,5,1,5,1,7,7,7,5,1,5,1,7,5,NA,NA,NA,NA,NA,NA,NA,NA,NA,NA
"105",0.0430687977787703,NA,NA,NA,NA,NA,NA,NA,NA,NA,NA,NA,NA,NA,NA,NA,5,5,5,1,7,7,7,5,5,5,2,7,1,NA,NA,NA,NA,NA,NA,NA,NA,NA,NA
"106",0.043033822491862,NA,NA,NA,NA,NA,NA,NA,NA,NA,NA,NA,NA,NA,NA,NA,5,1,2,1,7,7,7,5,7,5,6,6,5,NA,NA,NA,NA,NA,NA,NA,NA,NA,NA
"107",0.0430044325632616,NA,NA,NA,NA,NA,NA,NA,NA,NA,NA,NA,NA,NA,NA,NA,NA,NA,5,1,7,1,7,5,8,5,7,7,1,NA,NA,NA,NA,NA,NA,NA,NA,NA,NA
"108",0.0428767714049485,NA,NA,NA,NA,NA,NA,NA,NA,NA,NA,NA,NA,NA,NA,NA,NA,1,5,5,7,7,7,5,5,5,6,NA,NA,NA,NA,NA,NA,NA,NA,NA,NA,NA,NA
"109",0.0428157023466525,NA,NA,NA,NA,NA,NA,NA,NA,NA,NA,NA,NA,NA,NA,NA,5,6,5,1,7,1,7,5,5,5,7,5,NA,NA,NA,NA,NA,NA,NA,NA,NA,NA,NA
"110",0.0427915460849882,NA,NA,NA,NA,NA,NA,NA,NA,NA,NA,NA,NA,NA,NA,NA,5,3,5,1,7,7,7,5,7,5,6,7,2,NA,NA,NA,NA,NA,NA,NA,NA,NA,NA
"111",0.0427737695254272,NA,NA,NA,NA,NA,NA,NA,NA,NA,NA,NA,NA,NA,NA,NA,5,6,5,1,7,7,7,5,5,5,6,NA,NA,NA,NA,NA,NA,NA,NA,NA,NA,NA,NA
"112",0.0427133742400286,NA,NA,NA,NA,NA,NA,NA,NA,NA,NA,NA,NA,NA,NA,NA,NA,6,5,1,7,7,7,5,3,8,6,7,1,NA,NA,NA,NA,NA,NA,NA,NA,NA,NA
"113",0.0426003729380908,NA,NA,NA,NA,NA,NA,NA,NA,NA,NA,NA,NA,NA,NA,NA,5,6,5,1,7,1,7,2,5,5,7,7,NA,NA,NA,NA,NA,NA,NA,NA,NA,NA,NA
"114",0.0425904708904061,NA,NA,NA,NA,NA,NA,NA,NA,NA,NA,NA,NA,NA,NA,NA,NA,6,5,1,7,1,7,5,1,5,7,7,5,NA,NA,NA,NA,NA,NA,NA,NA,NA,NA
"115",0.0424820646237634,NA,NA,NA,NA,NA,NA,NA,NA,NA,NA,NA,NA,NA,NA,NA,5,7,5,1,7,7,7,5,5,5,7,NA,NA,NA,NA,NA,NA,NA,NA,NA,NA,NA,NA
"116",0.0423913581851144,NA,NA,NA,NA,NA,NA,NA,NA,NA,NA,NA,NA,NA,NA,NA,NA,NA,5,1,7,7,7,4,5,5,6,7,6,NA,NA,NA,NA,NA,NA,NA,NA,NA,NA
"117",0.0423398163959597,NA,NA,NA,NA,NA,NA,NA,NA,NA,NA,NA,NA,NA,NA,NA,3,6,5,1,7,1,7,5,3,5,7,7,5,NA,NA,NA,NA,NA,NA,NA,NA,NA,NA
"118",0.0422322021075032,NA,NA,NA,NA,NA,NA,NA,NA,NA,NA,NA,NA,NA,NA,NA,1,6,5,1,7,1,7,5,1,5,6,7,5,NA,NA,NA,NA,NA,NA,NA,NA,NA,NA
"119",0.0420833625994187,NA,NA,NA,NA,NA,NA,NA,NA,NA,NA,NA,NA,NA,NA,NA,NA,NA,5,1,7,7,7,2,5,5,6,7,NA,NA,NA,NA,NA,NA,NA,NA,NA,NA,NA
"120",0.0420450974371154,NA,NA,NA,NA,NA,NA,NA,NA,NA,NA,NA,NA,NA,NA,NA,8,6,5,1,7,7,7,5,5,5,7,5,NA,NA,NA,NA,NA,NA,NA,NA,NA,NA,NA
"121",0.0419535927851766,NA,NA,NA,NA,NA,NA,NA,NA,NA,NA,NA,NA,NA,NA,NA,NA,6,5,1,7,7,7,5,5,5,7,5,NA,NA,NA,NA,NA,NA,NA,NA,NA,NA,NA
